time_stamp,open,high,low,close,volume
2017-01-01 18:30:00+00:00,269.79998779296875,276.8999938964844,267.0,273.79998779296875,2622173
2017-01-02 18:30:00+00:00,275.20001220703125,277.70001220703125,272.04998779296875,273.95001220703125,2064823
2017-01-03 18:30:00+00:00,275.1499938964844,276.8999938964844,272.20001220703125,274.8999938964844,2741205
2017-01-04 18:30:00+00:00,276.29998779296875,288.8999938964844,275.5,287.5,5997054
2017-01-05 18:30:00+00:00,288.79998779296875,291.79998779296875,285.0,286.04998779296875,5651466
2017-01-08 18:30:00+00:00,286.3500061035156,289.0,282.6000061035156,284.70001220703125,2877279
2017-01-09 18:30:00+00:00,285.1000061035156,294.70001220703125,285.0,293.8999938964844,5779720
2017-01-10 18:30:00+00:00,295.8999938964844,299.75,294.5,295.6499938964844,3323800
2017-01-11 18:30:00+00:00,297.0,298.8500061035156,289.54998779296875,292.75,3420733
2017-01-12 18:30:00+00:00,294.5,295.1499938964844,290.54998779296875,294.04998779296875,1699998
2017-01-15 18:30:00+00:00,294.70001220703125,302.95001220703125,292.3999938964844,300.6499938964844,3614730
2017-01-16 18:30:00+00:00,302.45001220703125,302.45001220703125,292.6000061035156,294.8500061035156,2231245
2017-01-17 18:30:00+00:00,296.75,300.54998779296875,290.04998779296875,291.8999938964844,2613239
2017-01-18 18:30:00+00:00,292.1000061035156,297.5,292.0,295.3500061035156,2290542
2017-01-19 18:30:00+00:00,295.0,296.3500061035156,283.3999938964844,284.1499938964844,3279639
2017-01-22 18:30:00+00:00,285.1499938964844,289.3500061035156,284.1499938964844,286.25,2261781
2017-01-23 18:30:00+00:00,287.0,294.95001220703125,286.0,293.1499938964844,1945278
2017-01-24 18:30:00+00:00,295.25,306.1000061035156,294.45001220703125,304.6499938964844,4477090
2017-01-26 18:30:00+00:00,305.0,308.95001220703125,302.1000061035156,303.95001220703125,3386640
2017-01-29 18:30:00+00:00,303.75,305.8500061035156,301.3500061035156,302.6000061035156,2241418
2017-01-30 18:30:00+00:00,303.5,305.95001220703125,292.5,293.3500061035156,3859712
2017-01-31 18:30:00+00:00,295.54998779296875,306.0,293.6499938964844,304.6000061035156,3158512
2017-02-01 18:30:00+00:00,305.45001220703125,308.6000061035156,301.20001220703125,304.1499938964844,3018242
2017-02-02 18:30:00+00:00,304.54998779296875,311.25,301.70001220703125,303.54998779296875,3352462
2017-02-05 18:30:00+00:00,305.8500061035156,311.0,302.6000061035156,309.20001220703125,2426463
2017-02-06 18:30:00+00:00,309.29998779296875,310.3999938964844,301.25,303.6499938964844,1803476
2017-02-07 18:30:00+00:00,306.04998779296875,306.8999938964844,299.0,305.54998779296875,1581009
2017-02-08 18:30:00+00:00,306.5,308.1000061035156,300.8500061035156,304.79998779296875,2032244
2017-02-09 18:30:00+00:00,305.6000061035156,313.70001220703125,305.1000061035156,311.25,5313049
2017-02-12 18:30:00+00:00,313.20001220703125,314.79998779296875,304.6000061035156,309.54998779296875,2291161
2017-02-13 18:30:00+00:00,310.0,315.8999938964844,305.25,307.0,6996004
2017-02-14 18:30:00+00:00,308.1000061035156,313.5,297.0,299.95001220703125,4562477
2017-02-15 18:30:00+00:00,300.0,303.0,294.0,298.6000061035156,2837571
2017-02-16 18:30:00+00:00,300.1000061035156,302.5,295.79998779296875,297.25,2264046
2017-02-19 18:30:00+00:00,298.20001220703125,302.8999938964844,296.1000061035156,300.29998779296875,1690844
2017-02-20 18:30:00+00:00,300.5,305.3999938964844,298.29998779296875,304.1499938964844,2559043
2017-02-21 18:30:00+00:00,305.0,306.5,297.45001220703125,300.29998779296875,3507421
2017-02-22 18:30:00+00:00,300.3500061035156,303.3999938964844,295.79998779296875,297.25,6593433
2017-02-26 18:30:00+00:00,297.0,300.70001220703125,295.0,296.6499938964844,2116155
2017-02-27 18:30:00+00:00,297.6499938964844,303.3500061035156,296.79998779296875,301.75,2570349
2017-02-28 18:30:00+00:00,302.95001220703125,305.0,301.1499938964844,302.5,1892520
2017-03-01 18:30:00+00:00,303.75,305.70001220703125,292.0,293.8500061035156,2458242
2017-03-02 18:30:00+00:00,293.0,297.3999938964844,291.0,296.3500061035156,2871834
2017-03-05 18:30:00+00:00,297.8500061035156,304.8999938964844,296.45001220703125,303.1499938964844,1877927
2017-03-06 18:30:00+00:00,303.0,309.3999938964844,301.95001220703125,308.25,4069985
2017-03-07 18:30:00+00:00,308.25,309.0,300.8500061035156,306.5,2786117
2017-03-08 18:30:00+00:00,306.5,306.5,299.70001220703125,300.8999938964844,2564963
2017-03-09 18:30:00+00:00,302.45001220703125,306.0,297.04998779296875,298.79998779296875,2684711
2017-03-13 18:30:00+00:00,305.6499938964844,311.20001220703125,304.1000061035156,309.25,5102357
2017-03-14 18:30:00+00:00,308.0,313.79998779296875,308.0,310.29998779296875,4865596
2017-03-15 18:30:00+00:00,312.0,327.3500061035156,311.5,325.70001220703125,7051972
2017-03-16 18:30:00+00:00,326.79998779296875,328.8999938964844,321.29998779296875,325.3999938964844,6779619
2017-03-19 18:30:00+00:00,327.04998779296875,329.79998779296875,324.70001220703125,325.45001220703125,4103266
2017-03-20 18:30:00+00:00,325.0,327.29998779296875,320.04998779296875,325.75,2802311
2017-03-21 18:30:00+00:00,321.8999938964844,324.79998779296875,319.3500061035156,323.6499938964844,2518171
2017-03-22 18:30:00+00:00,324.0,327.0,322.1000061035156,325.6000061035156,3911142
2017-03-23 18:30:00+00:00,327.20001220703125,327.79998779296875,321.70001220703125,323.25,4636734
2017-03-26 18:30:00+00:00,322.6000061035156,324.0,317.6499938964844,319.29998779296875,2353739
2017-03-27 18:30:00+00:00,321.04998779296875,323.0,319.5,320.8500061035156,1760774
2017-03-28 18:30:00+00:00,321.1499938964844,322.0,316.79998779296875,321.0,4426029
2017-03-29 18:30:00+00:00,321.8999938964844,341.8999938964844,320.54998779296875,339.29998779296875,9728166
2017-03-30 18:30:00+00:00,342.0,342.70001220703125,336.0,339.6000061035156,3417463
2017-04-02 18:30:00+00:00,340.6000061035156,343.8999938964844,338.75,342.1000061035156,2441776
2017-04-04 18:30:00+00:00,343.8500061035156,359.25,343.04998779296875,358.1499938964844,5947873
2017-04-05 18:30:00+00:00,355.75,358.6000061035156,351.1000061035156,356.6499938964844,3524928
2017-04-06 18:30:00+00:00,352.25,353.3500061035156,345.54998779296875,347.1499938964844,4918075
2017-04-09 18:30:00+00:00,348.04998779296875,353.8500061035156,346.04998779296875,352.1499938964844,2222773
2017-04-10 18:30:00+00:00,352.45001220703125,355.8500061035156,330.54998779296875,333.79998779296875,9397306
2017-04-11 18:30:00+00:00,333.79998779296875,336.6000061035156,323.6499938964844,327.6000061035156,8100661
2017-04-12 18:30:00+00:00,325.6000061035156,325.6000061035156,318.29998779296875,320.45001220703125,5730306
2017-04-16 18:30:00+00:00,320.6499938964844,327.20001220703125,317.6000061035156,320.0,4219235
2017-04-17 18:30:00+00:00,321.6499938964844,335.25,318.1499938964844,319.3500061035156,9315409
2017-04-18 18:30:00+00:00,322.0,327.6499938964844,319.25,325.79998779296875,4403069
2017-04-19 18:30:00+00:00,327.45001220703125,333.20001220703125,324.0,332.3999938964844,4439900
2017-04-20 18:30:00+00:00,335.0,335.0,324.1499938964844,326.0,2517582
2017-04-23 18:30:00+00:00,328.1499938964844,334.20001220703125,327.25,331.0,5048373
2017-04-24 18:30:00+00:00,332.5,333.1000061035156,326.5,331.3500061035156,4330049
2017-04-25 18:30:00+00:00,332.45001220703125,333.8999938964844,318.0,323.5,4078479
2017-04-26 18:30:00+00:00,325.1499938964844,328.8999938964844,321.1499938964844,322.5,2983463
2017-04-27 18:30:00+00:00,324.79998779296875,328.45001220703125,321.6000061035156,327.70001220703125,1808460
2017-05-01 18:30:00+00:00,328.75,332.8999938964844,326.6499938964844,330.6000061035156,4233839
2017-05-02 18:30:00+00:00,330.6000061035156,332.29998779296875,323.8999938964844,327.45001220703125,3271643
2017-05-03 18:30:00+00:00,328.79998779296875,340.3999938964844,328.70001220703125,339.45001220703125,6728527
2017-05-04 18:30:00+00:00,339.3999938964844,346.45001220703125,336.1499938964844,344.95001220703125,8196507
2017-05-07 18:30:00+00:00,343.5,346.70001220703125,338.0,340.5,2462230
2017-05-08 18:30:00+00:00,339.8999938964844,349.3999938964844,335.79998779296875,347.5,3459067
2017-05-09 18:30:00+00:00,346.1000061035156,353.0,346.1000061035156,351.8999938964844,3207734
2017-05-10 18:30:00+00:00,352.0,362.54998779296875,350.5,360.04998779296875,4604066
2017-05-11 18:30:00+00:00,360.3999938964844,360.3999938964844,353.3999938964844,357.95001220703125,2958586
2017-05-14 18:30:00+00:00,359.0,359.75,350.8500061035156,356.20001220703125,1530781
2017-05-15 18:30:00+00:00,354.20001220703125,358.1499938964844,351.1499938964844,354.5,1321254
2017-05-16 18:30:00+00:00,354.5,354.79998779296875,347.54998779296875,348.54998779296875,1239867
2017-05-17 18:30:00+00:00,344.29998779296875,359.54998779296875,342.20001220703125,347.8999938964844,3618961
2017-05-18 18:30:00+00:00,349.04998779296875,352.5,345.29998779296875,349.45001220703125,1302961
2017-05-21 18:30:00+00:00,352.3999938964844,357.3999938964844,350.45001220703125,354.45001220703125,2939697
2017-05-22 18:30:00+00:00,354.79998779296875,355.6000061035156,328.5,331.6499938964844,6270500
2017-05-23 18:30:00+00:00,333.3999938964844,342.95001220703125,328.1000061035156,339.6499938964844,8363216
2017-05-24 18:30:00+00:00,344.8999938964844,346.25,331.29998779296875,340.75,5992900
2017-05-25 18:30:00+00:00,342.3999938964844,351.0,339.0,348.0,2754435
2017-05-28 18:30:00+00:00,347.79998779296875,348.3500061035156,325.1000061035156,327.79998779296875,3943111
2017-05-29 18:30:00+00:00,328.3999938964844,342.8999938964844,327.45001220703125,340.3500061035156,3680879
2017-05-30 18:30:00+00:00,341.5,345.75,336.54998779296875,339.0,12190256
2017-05-31 18:30:00+00:00,337.6000061035156,351.95001220703125,337.6000061035156,349.20001220703125,3447544
2017-06-01 18:30:00+00:00,352.0,359.3999938964844,350.5,357.8999938964844,3297747
2017-06-04 18:30:00+00:00,359.95001220703125,364.5,355.20001220703125,361.04998779296875,2830068
2017-06-05 18:30:00+00:00,362.95001220703125,368.75,357.04998779296875,361.45001220703125,5229905
2017-06-06 18:30:00+00:00,363.6000061035156,363.95001220703125,357.29998779296875,359.1000061035156,5435369
2017-06-07 18:30:00+00:00,359.25,361.8500061035156,350.5,359.1499938964844,4568139
2017-06-08 18:30:00+00:00,360.0,360.6000061035156,350.25,359.8500061035156,7152603
2017-06-11 18:30:00+00:00,359.70001220703125,359.70001220703125,353.54998779296875,356.8500061035156,4963488
2017-06-12 18:30:00+00:00,359.0,363.1499938964844,355.3999938964844,359.3999938964844,5463098
2017-06-13 18:30:00+00:00,360.5,360.8999938964844,356.1000061035156,359.5,6005138
2017-06-14 18:30:00+00:00,359.45001220703125,366.3999938964844,357.75,360.0,3997432
2017-06-15 18:30:00+00:00,361.5,365.1000061035156,356.25,363.1499938964844,5332597
2017-06-18 18:30:00+00:00,365.0,375.6000061035156,365.0,373.79998779296875,7328947
2017-06-19 18:30:00+00:00,375.6000061035156,377.70001220703125,370.1000061035156,375.6499938964844,4597214
2017-06-20 18:30:00+00:00,374.75,377.20001220703125,367.20001220703125,369.95001220703125,2797034
2017-06-21 18:30:00+00:00,370.0,373.79998779296875,367.5,369.45001220703125,1935079
2017-06-22 18:30:00+00:00,369.45001220703125,370.5,361.6499938964844,365.45001220703125,3011500
2017-06-26 18:30:00+00:00,367.8999938964844,372.79998779296875,365.45001220703125,367.70001220703125,2780694
2017-06-27 18:30:00+00:00,368.3999938964844,369.6499938964844,363.04998779296875,364.5,2394375
2017-06-28 18:30:00+00:00,366.95001220703125,368.70001220703125,362.3500061035156,364.5,3343365
2017-06-29 18:30:00+00:00,364.0,365.79998779296875,360.54998779296875,363.04998779296875,1386974
2017-07-02 18:30:00+00:00,364.8999938964844,370.6000061035156,359.5,368.0,2171316
2017-07-03 18:30:00+00:00,368.5,375.70001220703125,368.0,371.70001220703125,4186188
2017-07-04 18:30:00+00:00,374.5,374.5,371.8500061035156,372.8999938964844,1422559
2017-07-05 18:30:00+00:00,373.8999938964844,375.6499938964844,371.5,373.04998779296875,2318749
2017-07-06 18:30:00+00:00,372.1000061035156,374.95001220703125,370.0,371.6000061035156,3077926
2017-07-09 18:30:00+00:00,374.75,376.79998779296875,372.3500061035156,374.95001220703125,860121
2017-07-10 18:30:00+00:00,376.0,376.8500061035156,371.70001220703125,372.70001220703125,2646484
2017-07-11 18:30:00+00:00,372.25,375.29998779296875,371.6499938964844,373.8500061035156,2035281
2017-07-12 18:30:00+00:00,375.79998779296875,377.8999938964844,372.25,375.95001220703125,2956936
2017-07-13 18:30:00+00:00,375.95001220703125,378.45001220703125,374.45001220703125,375.6000061035156,1737806
2017-07-16 18:30:00+00:00,373.8500061035156,383.70001220703125,373.8500061035156,381.25,4784990
2017-07-17 18:30:00+00:00,379.5,384.1000061035156,378.45001220703125,381.8999938964844,3927479
2017-07-18 18:30:00+00:00,380.5,383.79998779296875,377.29998779296875,381.04998779296875,4847964
2017-07-19 18:30:00+00:00,382.0,382.5,377.04998779296875,380.0,4490409
2017-07-20 18:30:00+00:00,381.0,382.70001220703125,378.6000061035156,381.8999938964844,6613707
2017-07-23 18:30:00+00:00,383.5,390.3500061035156,381.1000061035156,388.45001220703125,4777031
2017-07-24 18:30:00+00:00,390.1000061035156,393.3999938964844,385.1499938964844,390.75,3297724
2017-07-25 18:30:00+00:00,392.70001220703125,394.3500061035156,388.0,393.04998779296875,3243876
2017-07-26 18:30:00+00:00,394.25,394.8500061035156,390.75,392.5,2847871
2017-07-27 18:30:00+00:00,391.5,398.45001220703125,390.0,395.75,3203051
2017-07-30 18:30:00+00:00,396.0,398.0,393.3999938964844,395.8999938964844,1581010
2017-07-31 18:30:00+00:00,397.45001220703125,405.29998779296875,396.45001220703125,404.0,3391013
2017-08-01 18:30:00+00:00,405.0,413.5,402.6499938964844,411.25,2997197
2017-08-02 18:30:00+00:00,411.8999938964844,411.8999938964844,402.6499938964844,407.3500061035156,2541125
2017-08-03 18:30:00+00:00,406.0,410.3999938964844,403.1000061035156,406.6499938964844,2770532
2017-08-06 18:30:00+00:00,411.79998779296875,421.5,408.5,414.25,3863466
2017-08-07 18:30:00+00:00,414.95001220703125,418.79998779296875,410.1499938964844,414.79998779296875,2154068
2017-08-08 18:30:00+00:00,411.6000061035156,417.5,395.0,397.25,3603960
2017-08-09 18:30:00+00:00,393.0,396.8999938964844,381.20001220703125,385.6499938964844,3177276
2017-08-10 18:30:00+00:00,380.25,385.45001220703125,379.04998779296875,382.75,6480493
2017-08-13 18:30:00+00:00,385.0,405.79998779296875,385.0,396.20001220703125,2746774
2017-08-15 18:30:00+00:00,398.20001220703125,404.8999938964844,392.25,397.54998779296875,2644234
2017-08-16 18:30:00+00:00,398.54998779296875,401.3999938964844,388.04998779296875,389.29998779296875,2502761
2017-08-17 18:30:00+00:00,389.0,390.79998779296875,383.29998779296875,386.20001220703125,2554849
2017-08-20 18:30:00+00:00,387.04998779296875,388.70001220703125,374.6499938964844,375.95001220703125,1999552
2017-08-21 18:30:00+00:00,377.8500061035156,381.79998779296875,369.6499938964844,375.6499938964844,3245723
2017-08-22 18:30:00+00:00,378.1000061035156,386.20001220703125,378.1000061035156,385.0,3003871
2017-08-23 18:30:00+00:00,386.95001220703125,387.6499938964844,379.0,380.04998779296875,2507753
2017-08-27 18:30:00+00:00,382.0,389.8500061035156,380.5,387.5,3245331
2017-08-28 18:30:00+00:00,387.8500061035156,387.8500061035156,378.29998779296875,383.29998779296875,3419877
2017-08-29 18:30:00+00:00,386.0,392.3999938964844,385.04998779296875,389.75,2979277
2017-08-30 18:30:00+00:00,391.3999938964844,397.70001220703125,388.3999938964844,392.95001220703125,2775034
2017-08-31 18:30:00+00:00,394.95001220703125,396.5,391.70001220703125,394.8999938964844,1511368
2017-09-03 18:30:00+00:00,396.0,396.0,380.29998779296875,384.8500061035156,2425859
2017-09-04 18:30:00+00:00,384.25,393.0,382.1499938964844,390.29998779296875,2363336
2017-09-05 18:30:00+00:00,388.8999938964844,388.8999938964844,384.3999938964844,385.04998779296875,1825546
2017-09-06 18:30:00+00:00,386.70001220703125,390.8999938964844,385.5,387.70001220703125,1832093
2017-09-07 18:30:00+00:00,389.1000061035156,391.6000061035156,382.6499938964844,385.8999938964844,1858507
2017-09-10 18:30:00+00:00,387.5,390.3999938964844,384.29998779296875,385.3500061035156,2402644
2017-09-11 18:30:00+00:00,387.1499938964844,390.0,385.0,389.04998779296875,2576054
2017-09-12 18:30:00+00:00,390.04998779296875,394.79998779296875,386.04998779296875,390.0,2116076
2017-09-13 18:30:00+00:00,390.8500061035156,405.6000061035156,390.20001220703125,403.1000061035156,5052114
2017-09-14 18:30:00+00:00,405.3999938964844,409.75,403.25,405.1499938964844,6452962
2017-09-17 18:30:00+00:00,406.8999938964844,408.20001220703125,397.70001220703125,404.70001220703125,3698399
2017-09-18 18:30:00+00:00,405.5,408.5,402.1000061035156,406.8999938964844,4105917
2017-09-19 18:30:00+00:00,408.1000061035156,412.8500061035156,406.04998779296875,409.70001220703125,5238339
2017-09-20 18:30:00+00:00,407.0,414.70001220703125,406.0,410.20001220703125,4319190
2017-09-21 18:30:00+00:00,409.0,409.5,398.6000061035156,401.20001220703125,4371220
2017-09-24 18:30:00+00:00,400.1000061035156,401.1499938964844,383.0,388.6499938964844,4413073
2017-09-25 18:30:00+00:00,386.20001220703125,394.25,386.20001220703125,390.54998779296875,3115143
2017-09-26 18:30:00+00:00,392.6000061035156,392.6000061035156,370.45001220703125,372.54998779296875,3009736
2017-09-27 18:30:00+00:00,372.54998779296875,375.0,363.70001220703125,372.04998779296875,3785886
2017-09-28 18:30:00+00:00,374.3999938964844,378.20001220703125,372.25,376.75,2109890
2017-10-02 18:30:00+00:00,377.54998779296875,385.79998779296875,375.1000061035156,383.70001220703125,3673873
2017-10-03 18:30:00+00:00,383.8999938964844,389.5,379.1499938964844,387.6499938964844,2084250
2017-10-04 18:30:00+00:00,388.0,389.1499938964844,384.20001220703125,385.8999938964844,1853539
2017-10-05 18:30:00+00:00,388.3999938964844,392.29998779296875,387.25,389.25,3006087
2017-10-08 18:30:00+00:00,388.0,395.70001220703125,382.1000061035156,393.70001220703125,4359490
2017-10-09 18:30:00+00:00,394.95001220703125,398.3500061035156,390.20001220703125,396.8500061035156,4067875
2017-10-10 18:30:00+00:00,398.5,401.25,394.0,396.95001220703125,5121486
2017-10-11 18:30:00+00:00,397.1000061035156,406.3500061035156,392.75,403.70001220703125,4202243
2017-10-12 18:30:00+00:00,406.5,409.5,400.45001220703125,408.20001220703125,3245961
2017-10-15 18:30:00+00:00,409.1000061035156,410.79998779296875,403.6499938964844,406.79998779296875,4209209
2017-10-16 18:30:00+00:00,406.45001220703125,408.25,402.70001220703125,406.8500061035156,3291749
2017-10-17 18:30:00+00:00,407.1000061035156,407.1000061035156,402.3500061035156,406.8999938964844,3641132
2017-10-18 18:30:00+00:00,405.0,406.29998779296875,397.0,401.3999938964844,137226
2017-10-22 18:30:00+00:00,403.20001220703125,412.95001220703125,400.04998779296875,407.04998779296875,4555429
2017-10-23 18:30:00+00:00,407.04998779296875,408.75,402.6000061035156,406.20001220703125,3406694
2017-10-24 18:30:00+00:00,408.79998779296875,417.6499938964844,405.20001220703125,415.45001220703125,2475241
2017-10-25 18:30:00+00:00,416.0,419.3500061035156,409.54998779296875,414.29998779296875,1542452
2017-10-26 18:30:00+00:00,416.5,439.0,414.3999938964844,432.04998779296875,5306544
2017-10-29 18:30:00+00:00,436.5,436.5,427.79998779296875,429.79998779296875,1465328
2017-10-30 18:30:00+00:00,430.25,432.95001220703125,425.6000061035156,430.3500061035156,3418248
2017-10-31 18:30:00+00:00,432.0,437.45001220703125,429.3500061035156,433.1000061035156,3931939
2017-11-01 18:30:00+00:00,433.0,439.79998779296875,428.29998779296875,437.25,3075833
2017-11-02 18:30:00+00:00,438.6499938964844,440.79998779296875,432.75,434.8500061035156,3097775
2017-11-05 18:30:00+00:00,434.0,443.29998779296875,430.6499938964844,437.54998779296875,4541407
2017-11-06 18:30:00+00:00,437.5,439.75,428.29998779296875,431.54998779296875,3989010
2017-11-07 18:30:00+00:00,433.0,436.70001220703125,427.1499938964844,429.70001220703125,2723792
2017-11-08 18:30:00+00:00,430.6000061035156,437.25,428.25,433.3999938964844,3478532
2017-11-09 18:30:00+00:00,435.45001220703125,435.45001220703125,426.1000061035156,432.04998779296875,1506241
2017-11-12 18:30:00+00:00,433.0,433.54998779296875,411.3999938964844,413.3500061035156,4344820
2017-11-13 18:30:00+00:00,413.3500061035156,417.8500061035156,406.70001220703125,410.75,2326922
2017-11-14 18:30:00+00:00,410.0,414.25,403.6499938964844,407.1000061035156,1849192
2017-11-15 18:30:00+00:00,408.0,410.6000061035156,395.0,397.20001220703125,5321941
2017-11-16 18:30:00+00:00,401.0,405.0,396.0,400.95001220703125,6515843
2017-11-19 18:30:00+00:00,400.95001220703125,405.8999938964844,397.1000061035156,398.6000061035156,4437937
2017-11-20 18:30:00+00:00,399.29998779296875,405.8500061035156,399.29998779296875,400.79998779296875,5418727
2017-11-21 18:30:00+00:00,402.5,416.6499938964844,401.6499938964844,414.5,5170814
2017-11-22 18:30:00+00:00,415.29998779296875,415.29998779296875,402.54998779296875,407.1000061035156,3903036
2017-11-23 18:30:00+00:00,411.0,411.0,401.8500061035156,404.6000061035156,1374660
2017-11-26 18:30:00+00:00,404.5,404.5,398.0,399.5,2993007
2017-11-27 18:30:00+00:00,399.6000061035156,403.6499938964844,395.20001220703125,396.95001220703125,6013556
2017-11-28 18:30:00+00:00,397.6000061035156,405.6000061035156,395.04998779296875,403.45001220703125,5205458
2017-11-29 18:30:00+00:00,401.3500061035156,401.3500061035156,396.0,398.0,5552149
2017-11-30 18:30:00+00:00,400.8999938964844,404.79998779296875,382.04998779296875,386.75,1836997
2017-12-03 18:30:00+00:00,386.75,389.20001220703125,377.3500061035156,388.1499938964844,3650818
2017-12-04 18:30:00+00:00,388.1499938964844,389.25,379.04998779296875,388.8500061035156,5100915
2017-12-05 18:30:00+00:00,386.3999938964844,388.8999938964844,382.6000061035156,385.75,4212760
2017-12-06 18:30:00+00:00,387.04998779296875,391.0,384.29998779296875,389.70001220703125,6934180
2017-12-07 18:30:00+00:00,391.5,396.8999938964844,391.20001220703125,393.3999938964844,3282945
2017-12-10 18:30:00+00:00,396.0,396.0,384.5,391.75,3457130
2017-12-11 18:30:00+00:00,391.5,405.6000061035156,389.5,402.5,6686699
2017-12-12 18:30:00+00:00,401.79998779296875,402.25,391.8999938964844,394.0,5035855
2017-12-13 18:30:00+00:00,397.54998779296875,398.8999938964844,386.20001220703125,395.1000061035156,3587939
2017-12-14 18:30:00+00:00,405.70001220703125,408.0,400.1000061035156,401.3500061035156,4643671
2017-12-17 18:30:00+00:00,395.79998779296875,414.5,374.04998779296875,404.6000061035156,9127457
2017-12-18 18:30:00+00:00,405.0,409.3500061035156,400.95001220703125,405.79998779296875,2700184
2017-12-19 18:30:00+00:00,404.0,408.1499938964844,400.54998779296875,404.3999938964844,4228842
2017-12-20 18:30:00+00:00,405.0,408.3500061035156,401.0,402.29998779296875,3336146
2017-12-21 18:30:00+00:00,403.0,409.45001220703125,399.20001220703125,402.1499938964844,2449944
2017-12-25 18:30:00+00:00,403.75,405.8500061035156,400.20001220703125,404.54998779296875,3466595
2017-12-26 18:30:00+00:00,405.95001220703125,407.0,400.70001220703125,404.20001220703125,4355090
2017-12-27 18:30:00+00:00,404.20001220703125,404.8999938964844,397.54998779296875,398.70001220703125,4180605
2017-12-28 18:30:00+00:00,401.1499938964844,407.1499938964844,399.29998779296875,405.6499938964844,3574054
2017-12-31 18:30:00+00:00,406.70001220703125,407.70001220703125,398.04998779296875,399.6499938964844,2701537
2018-01-01 18:30:00+00:00,403.45001220703125,403.45001220703125,395.0,397.3999938964844,1322980
2018-01-02 18:30:00+00:00,398.1000061035156,410.8999938964844,397.45001220703125,407.6499938964844,4679468
2018-01-03 18:30:00+00:00,408.70001220703125,410.70001220703125,406.04998779296875,409.8500061035156,1990506
2018-01-04 18:30:00+00:00,411.8999938964844,426.95001220703125,410.20001220703125,423.79998779296875,5448214
2018-01-07 18:30:00+00:00,424.0,427.5,421.1000061035156,422.8999938964844,3447843
2018-01-08 18:30:00+00:00,422.8999938964844,425.54998779296875,419.20001220703125,421.1000061035156,2509904
2018-01-09 18:30:00+00:00,422.0,427.8999938964844,418.75,423.45001220703125,4253925
2018-01-10 18:30:00+00:00,423.0,430.6499938964844,421.0,425.5,4415043
2018-01-11 18:30:00+00:00,425.8500061035156,428.3500061035156,411.54998779296875,423.29998779296875,2581486
2018-01-14 18:30:00+00:00,425.54998779296875,427.8999938964844,419.5,420.6000061035156,1599208
2018-01-15 18:30:00+00:00,421.5,428.25,418.45001220703125,423.54998779296875,2318100
2018-01-16 18:30:00+00:00,424.25,436.0,422.75,433.3999938964844,6715953
2018-01-17 18:30:00+00:00,437.95001220703125,438.1499938964844,409.3500061035156,416.25,8794103
2018-01-18 18:30:00+00:00,418.79998779296875,435.45001220703125,418.79998779296875,433.45001220703125,7588904
2018-01-21 18:30:00+00:00,434.0,443.3500061035156,432.54998779296875,438.04998779296875,7092514
2018-01-22 18:30:00+00:00,438.04998779296875,442.0,433.0,438.3999938964844,4659591
2018-01-23 18:30:00+00:00,437.0,452.3500061035156,429.1000061035156,448.75,5201505
2018-01-24 18:30:00+00:00,450.0,450.0,434.79998779296875,436.5,6792843
2018-01-28 18:30:00+00:00,436.5,442.3500061035156,432.0,436.6499938964844,2126497
2018-01-29 18:30:00+00:00,435.0,436.1499938964844,426.79998779296875,428.25,2389618
2018-01-30 18:30:00+00:00,428.0,435.5,424.5,428.8500061035156,2734628
2018-01-31 18:30:00+00:00,431.0,433.0,414.45001220703125,428.75,1681704
2018-02-01 18:30:00+00:00,424.5,426.20001220703125,412.0,417.95001220703125,4265914
2018-02-04 18:30:00+00:00,408.0,413.0,406.29998779296875,408.20001220703125,2936554
2018-02-05 18:30:00+00:00,395.0,410.3500061035156,387.0,404.79998779296875,2963450
2018-02-06 18:30:00+00:00,414.3999938964844,414.3999938964844,404.1499938964844,407.0,2592845
2018-02-07 18:30:00+00:00,408.25,416.1499938964844,401.1000061035156,405.1000061035156,2952821
2018-02-08 18:30:00+00:00,400.0,401.6000061035156,394.0,399.0,2936187
2018-02-11 18:30:00+00:00,403.75,406.1499938964844,400.0,403.3500061035156,1249277
2018-02-13 18:30:00+00:00,405.0,416.79998779296875,405.0,413.0,3001847
2018-02-14 18:30:00+00:00,421.5,424.0,409.54998779296875,411.70001220703125,3293138
2018-02-15 18:30:00+00:00,414.0,415.6000061035156,402.3500061035156,405.45001220703125,1740283
2018-02-18 18:30:00+00:00,407.5,407.5,388.6499938964844,393.8500061035156,2140756
2018-02-19 18:30:00+00:00,394.0,398.0,387.20001220703125,394.8999938964844,2045167
2018-02-20 18:30:00+00:00,396.5,398.75,389.75,395.6000061035156,1800533
2018-02-21 18:30:00+00:00,395.0,406.20001220703125,392.75,404.0,4726021
2018-02-22 18:30:00+00:00,405.1000061035156,409.25,402.0,406.5,1953157
2018-02-25 18:30:00+00:00,407.5,417.0,407.5,415.04998779296875,2299169
2018-02-26 18:30:00+00:00,417.0,417.0,409.6499938964844,410.45001220703125,1334518
2018-02-27 18:30:00+00:00,410.0,412.3500061035156,403.1000061035156,408.3500061035156,2823115
2018-02-28 18:30:00+00:00,408.3500061035156,413.75,405.0,406.1000061035156,1216685
2018-03-04 18:30:00+00:00,404.95001220703125,411.45001220703125,400.1000061035156,403.95001220703125,3665892
2018-03-05 18:30:00+00:00,406.70001220703125,413.75,395.1499938964844,405.25,3321338
2018-03-06 18:30:00+00:00,398.95001220703125,398.95001220703125,372.25,376.95001220703125,6951930
2018-03-07 18:30:00+00:00,379.0,393.0,369.70001220703125,387.95001220703125,11040375
2018-03-08 18:30:00+00:00,392.0,393.6499938964844,373.79998779296875,377.8999938964844,5352078
2018-03-11 18:30:00+00:00,382.0,389.20001220703125,377.0,386.6000061035156,3693431
2018-03-12 18:30:00+00:00,387.0,391.3999938964844,381.1499938964844,385.20001220703125,2175696
2018-03-13 18:30:00+00:00,383.1000061035156,384.75,376.8500061035156,382.1000061035156,3616289
2018-03-14 18:30:00+00:00,383.6000061035156,386.3999938964844,380.29998779296875,382.1499938964844,1818766
2018-03-15 18:30:00+00:00,377.8999938964844,382.25,367.45001220703125,370.5,4972566
2018-03-18 18:30:00+00:00,370.0,371.5,355.25,364.29998779296875,5253759
2018-03-19 18:30:00+00:00,364.29998779296875,371.79998779296875,360.1499938964844,370.0,1780257
2018-03-20 18:30:00+00:00,372.8999938964844,373.75,362.29998779296875,363.70001220703125,2296120
2018-03-21 18:30:00+00:00,365.0,365.0,354.1000061035156,358.25,3443184
2018-03-22 18:30:00+00:00,355.0,367.0,350.45001220703125,362.3999938964844,4518979
2018-03-25 18:30:00+00:00,364.3999938964844,368.70001220703125,351.5,365.1499938964844,3884338
2018-03-26 18:30:00+00:00,368.1499938964844,369.3999938964844,361.8999938964844,365.5,2631162
2018-03-27 18:30:00+00:00,364.5,364.5,351.04998779296875,354.1000061035156,4766456
2018-04-01 18:30:00+00:00,356.0,371.8999938964844,356.0,369.70001220703125,2978988
2018-04-02 18:30:00+00:00,368.5,371.0,362.70001220703125,366.3999938964844,2679172
2018-04-03 18:30:00+00:00,368.0,373.70001220703125,363.75,367.79998779296875,5611445
2018-04-04 18:30:00+00:00,372.0,379.79998779296875,371.5,375.95001220703125,3648555
2018-04-05 18:30:00+00:00,378.45001220703125,383.6000061035156,374.6499938964844,379.29998779296875,2037081
2018-04-08 18:30:00+00:00,380.6499938964844,382.79998779296875,376.3500061035156,377.3500061035156,1571745
2018-04-09 18:30:00+00:00,379.0,390.5,378.6000061035156,387.25,3493681
2018-04-10 18:30:00+00:00,388.0,388.1499938964844,375.5,377.8999938964844,2045552
2018-04-11 18:30:00+00:00,378.0,378.75,369.25,372.3500061035156,3609657
2018-04-12 18:30:00+00:00,375.79998779296875,386.8999938964844,372.3500061035156,383.1000061035156,6485732
2018-04-15 18:30:00+00:00,381.75,389.0,379.25,387.5,2682231
2018-04-16 18:30:00+00:00,391.5,393.95001220703125,382.0,383.3999938964844,3770554
2018-04-17 18:30:00+00:00,385.25,387.70001220703125,380.20001220703125,384.95001220703125,2568988
2018-04-18 18:30:00+00:00,387.29998779296875,390.70001220703125,383.45001220703125,386.54998779296875,2848405
2018-04-19 18:30:00+00:00,386.0,387.25,378.95001220703125,381.1499938964844,2178241
2018-04-22 18:30:00+00:00,381.45001220703125,389.54998779296875,375.54998779296875,386.3500061035156,3614484
2018-04-23 18:30:00+00:00,387.25,394.5,387.1000061035156,392.25,3093161
2018-04-24 18:30:00+00:00,394.0,397.45001220703125,390.20001220703125,391.8999938964844,3205946
2018-04-25 18:30:00+00:00,388.6499938964844,398.5,388.1000061035156,397.1000061035156,3663748
2018-04-26 18:30:00+00:00,398.29998779296875,405.8999938964844,398.29998779296875,402.45001220703125,8210865
2018-04-29 18:30:00+00:00,405.79998779296875,411.29998779296875,402.3999938964844,407.29998779296875,2264144
2018-05-01 18:30:00+00:00,408.0,411.20001220703125,397.29998779296875,401.1000061035156,3047308
2018-05-02 18:30:00+00:00,399.70001220703125,406.29998779296875,393.54998779296875,397.0,3161687
2018-05-03 18:30:00+00:00,401.95001220703125,409.6000061035156,391.29998779296875,408.25,4782981
2018-05-06 18:30:00+00:00,410.0,414.29998779296875,405.95001220703125,412.3999938964844,2582072
2018-05-07 18:30:00+00:00,413.1000061035156,415.6499938964844,410.1000061035156,412.79998779296875,1945992
2018-05-08 18:30:00+00:00,412.1000061035156,415.29998779296875,409.6000061035156,413.3500061035156,1408466
2018-05-09 18:30:00+00:00,413.8500061035156,414.3999938964844,409.1000061035156,410.79998779296875,1552936
2018-05-10 18:30:00+00:00,412.3500061035156,414.5,410.8500061035156,412.70001220703125,1442596
2018-05-13 18:30:00+00:00,413.95001220703125,414.0,407.3999938964844,409.95001220703125,5517825
2018-05-14 18:30:00+00:00,399.0,412.0,397.3999938964844,409.1499938964844,3089340
2018-05-15 18:30:00+00:00,407.75,409.75,400.25,403.1000061035156,1897907
2018-05-16 18:30:00+00:00,404.0,405.5,395.6000061035156,397.8999938964844,1614257
2018-05-17 18:30:00+00:00,396.1499938964844,397.1000061035156,384.04998779296875,389.5,3895361
2018-05-20 18:30:00+00:00,389.3500061035156,392.54998779296875,381.5,383.70001220703125,1544488
2018-05-21 18:30:00+00:00,382.70001220703125,389.04998779296875,377.75,379.75,1861819
2018-05-22 18:30:00+00:00,379.79998779296875,383.1000061035156,373.5,374.25,1560605
2018-05-23 18:30:00+00:00,374.95001220703125,378.6000061035156,364.70001220703125,371.25,3299522
2018-05-24 18:30:00+00:00,371.5,382.0,366.5,379.8999938964844,2372618
2018-05-27 18:30:00+00:00,382.5,383.45001220703125,376.20001220703125,378.8999938964844,1807896
2018-05-28 18:30:00+00:00,379.79998779296875,383.8500061035156,373.20001220703125,377.8500061035156,3394813
2018-05-29 18:30:00+00:00,374.0,378.95001220703125,370.0,374.3999938964844,3110433
2018-05-30 18:30:00+00:00,375.5,397.6000061035156,369.25,392.1499938964844,11133305
2018-05-31 18:30:00+00:00,394.1000061035156,395.3999938964844,382.29998779296875,387.6000061035156,3219572
2018-06-03 18:30:00+00:00,388.0,388.95001220703125,376.04998779296875,378.54998779296875,2481566
2018-06-04 18:30:00+00:00,378.75,379.3500061035156,371.5,373.6000061035156,2767220
2018-06-05 18:30:00+00:00,374.0,377.5,373.3500061035156,375.79998779296875,3927114
2018-06-06 18:30:00+00:00,378.0,384.79998779296875,376.54998779296875,380.04998779296875,1770108
2018-06-07 18:30:00+00:00,381.0,382.75,375.1000061035156,380.5,1232441
2018-06-10 18:30:00+00:00,384.0,387.70001220703125,380.1000061035156,382.29998779296875,2030226
2018-06-11 18:30:00+00:00,384.0,390.75,382.3500061035156,388.8999938964844,1920763
2018-06-12 18:30:00+00:00,391.1499938964844,392.0,381.6000061035156,382.8500061035156,2529140
2018-06-13 18:30:00+00:00,383.6499938964844,383.6499938964844,372.04998779296875,374.45001220703125,2398168
2018-06-14 18:30:00+00:00,369.79998779296875,375.8999938964844,369.79998779296875,372.95001220703125,7278768
2018-06-17 18:30:00+00:00,373.0,375.75,369.20001220703125,370.54998779296875,966982
2018-06-18 18:30:00+00:00,369.54998779296875,371.70001220703125,361.3999938964844,362.45001220703125,3037612
2018-06-19 18:30:00+00:00,363.0,366.75,357.20001220703125,365.6499938964844,4112085
2018-06-20 18:30:00+00:00,369.0,374.79998779296875,365.95001220703125,366.8999938964844,4844094
2018-06-21 18:30:00+00:00,364.8999938964844,367.3500061035156,361.20001220703125,365.79998779296875,2982451
2018-06-24 18:30:00+00:00,366.0,367.75,359.04998779296875,361.1499938964844,1716838
2018-06-25 18:30:00+00:00,361.0,366.54998779296875,356.3999938964844,362.8999938964844,1997309
2018-06-26 18:30:00+00:00,362.0,365.04998779296875,355.1499938964844,361.1000061035156,3186106
2018-06-27 18:30:00+00:00,359.70001220703125,364.45001220703125,358.1499938964844,361.79998779296875,9627099
2018-06-28 18:30:00+00:00,364.45001220703125,377.3999938964844,359.04998779296875,373.1499938964844,3241005
2018-07-01 18:30:00+00:00,371.0,373.8999938964844,359.1499938964844,362.79998779296875,1732427
2018-07-02 18:30:00+00:00,362.5,365.45001220703125,360.25,362.75,1488048
2018-07-03 18:30:00+00:00,362.95001220703125,363.5,355.95001220703125,359.95001220703125,1616705
2018-07-04 18:30:00+00:00,361.3500061035156,363.3999938964844,355.6000061035156,361.8999938964844,1526982
2018-07-05 18:30:00+00:00,361.8999938964844,370.8999938964844,358.3500061035156,365.75,1549142
2018-07-08 18:30:00+00:00,367.0,369.8999938964844,365.6000061035156,366.95001220703125,1050376
2018-07-09 18:30:00+00:00,367.54998779296875,375.29998779296875,367.54998779296875,370.45001220703125,1656692
2018-07-10 18:30:00+00:00,369.8999938964844,378.29998779296875,368.0,373.5,2480112
2018-07-11 18:30:00+00:00,374.3999938964844,375.70001220703125,368.6000061035156,369.3500061035156,1458875
2018-07-12 18:30:00+00:00,374.0,377.29998779296875,367.5,370.3999938964844,3006407
2018-07-15 18:30:00+00:00,370.5,372.29998779296875,358.5,360.04998779296875,1340324
2018-07-16 18:30:00+00:00,361.1000061035156,369.20001220703125,360.79998779296875,366.70001220703125,1775116
2018-07-17 18:30:00+00:00,365.8500061035156,375.3999938964844,361.75,364.04998779296875,2065237
2018-07-18 18:30:00+00:00,366.3999938964844,371.0,364.1000061035156,369.6000061035156,1537925
2018-07-19 18:30:00+00:00,369.6000061035156,376.8999938964844,366.8999938964844,370.04998779296875,1886770
2018-07-22 18:30:00+00:00,370.20001220703125,385.0,370.0,383.75,2517823
2018-07-23 18:30:00+00:00,385.3999938964844,394.29998779296875,382.75,392.6000061035156,3937762
2018-07-24 18:30:00+00:00,392.5,401.45001220703125,391.20001220703125,398.75,4308866
2018-07-25 18:30:00+00:00,395.79998779296875,402.0,394.70001220703125,399.29998779296875,2388169
2018-07-26 18:30:00+00:00,402.45001220703125,402.45001220703125,391.1499938964844,394.6499938964844,2966414
2018-07-29 18:30:00+00:00,395.0,397.5,387.6499938964844,390.79998779296875,1649794
2018-07-30 18:30:00+00:00,389.75,401.5,386.1499938964844,399.75,2502908
2018-07-31 18:30:00+00:00,402.95001220703125,402.95001220703125,395.04998779296875,399.0,1774615
2018-08-01 18:30:00+00:00,397.6000061035156,404.6000061035156,394.0,399.1499938964844,2966243
2018-08-02 18:30:00+00:00,399.04998779296875,403.5,398.1499938964844,399.54998779296875,1632617
2018-08-05 18:30:00+00:00,403.5,406.3999938964844,395.29998779296875,397.3500061035156,2817990
2018-08-06 18:30:00+00:00,393.5,394.45001220703125,369.20001220703125,372.29998779296875,9635697
2018-08-07 18:30:00+00:00,375.0,376.54998779296875,369.6499938964844,374.6000061035156,3276532
2018-08-08 18:30:00+00:00,376.0,381.0,371.54998779296875,378.0,1992284
2018-08-09 18:30:00+00:00,377.29998779296875,382.1000061035156,376.0,379.29998779296875,1142258
2018-08-12 18:30:00+00:00,378.0,379.6000061035156,374.6499938964844,377.1499938964844,1438549
2018-08-13 18:30:00+00:00,377.54998779296875,378.70001220703125,371.0,373.1499938964844,1501909
2018-08-15 18:30:00+00:00,372.0,374.1000061035156,367.29998779296875,370.29998779296875,2376448
2018-08-16 18:30:00+00:00,371.0,379.1000061035156,371.0,374.1000061035156,1983257
2018-08-19 18:30:00+00:00,376.3999938964844,379.5,374.1499938964844,378.25,1280487
2018-08-20 18:30:00+00:00,378.54998779296875,382.0,375.3999938964844,377.95001220703125,1592878
2018-08-22 18:30:00+00:00,379.70001220703125,385.6000061035156,372.5,384.5,2012760
2018-08-23 18:30:00+00:00,385.0,387.79998779296875,375.0,376.75,2085488
2018-08-26 18:30:00+00:00,378.0,382.29998779296875,375.54998779296875,378.6499938964844,2055581
2018-08-27 18:30:00+00:00,380.3999938964844,388.3999938964844,376.1499938964844,386.95001220703125,5128415
2018-08-28 18:30:00+00:00,383.25,393.29998779296875,383.25,385.8999938964844,3234342
2018-08-29 18:30:00+00:00,386.20001220703125,389.20001220703125,380.1000061035156,383.75,3566612
2018-08-30 18:30:00+00:00,384.0,394.0,381.20001220703125,383.1499938964844,3931829
2018-09-02 18:30:00+00:00,384.0,392.95001220703125,378.45001220703125,384.45001220703125,2744322
2018-09-03 18:30:00+00:00,384.54998779296875,386.95001220703125,372.45001220703125,373.75,2960605
2018-09-04 18:30:00+00:00,374.29998779296875,380.5,368.5,379.20001220703125,2276777
2018-09-05 18:30:00+00:00,381.5,387.5,374.6499938964844,384.79998779296875,1820623
2018-09-06 18:30:00+00:00,383.04998779296875,385.6000061035156,375.6499938964844,377.45001220703125,1859785
2018-09-09 18:30:00+00:00,375.6499938964844,382.95001220703125,370.6000061035156,371.95001220703125,3129554
2018-09-10 18:30:00+00:00,373.8999938964844,377.8500061035156,363.0,364.6499938964844,2452935
2018-09-11 18:30:00+00:00,366.70001220703125,377.45001220703125,364.79998779296875,376.04998779296875,3711887
2018-09-13 18:30:00+00:00,376.79998779296875,385.8999938964844,376.1000061035156,380.1000061035156,2937705
2018-09-16 18:30:00+00:00,377.29998779296875,384.0,376.29998779296875,380.79998779296875,1401771
2018-09-17 18:30:00+00:00,383.6000061035156,388.0,377.1000061035156,379.54998779296875,2692099
2018-09-18 18:30:00+00:00,382.0,382.1000061035156,371.0,372.3999938964844,2121141
2018-09-20 18:30:00+00:00,373.04998779296875,379.75,316.54998779296875,361.75,3241191
2018-09-23 18:30:00+00:00,364.3500061035156,366.0,338.5,345.8500061035156,3415863
2018-09-24 18:30:00+00:00,345.1000061035156,349.45001220703125,324.29998779296875,337.95001220703125,5028005
2018-09-25 18:30:00+00:00,340.5,344.8999938964844,330.6000061035156,338.54998779296875,3424347
2018-09-26 18:30:00+00:00,338.54998779296875,344.95001220703125,330.1499938964844,335.25,4896009
2018-09-27 18:30:00+00:00,335.25,341.0,326.5,328.8999938964844,4653499
2018-09-30 18:30:00+00:00,328.0,334.3999938964844,320.0,330.3500061035156,4159563
2018-10-02 18:30:00+00:00,327.29998779296875,338.0,326.3999938964844,329.75,4438442
2018-10-03 18:30:00+00:00,324.70001220703125,329.3999938964844,314.0,317.04998779296875,4508937
2018-10-04 18:30:00+00:00,317.1000061035156,318.3999938964844,298.0,301.79998779296875,7177862
2018-10-07 18:30:00+00:00,301.79998779296875,305.6000061035156,294.1000061035156,304.3500061035156,5915306
2018-10-08 18:30:00+00:00,304.0,324.0,302.5,318.75,5771005
2018-10-09 18:30:00+00:00,318.70001220703125,332.8999938964844,316.0,327.1000061035156,2734052
2018-10-10 18:30:00+00:00,320.0,324.8500061035156,311.1000061035156,313.5,2739752
2018-10-11 18:30:00+00:00,317.0,327.8500061035156,317.0,323.1499938964844,2428109
2018-10-14 18:30:00+00:00,326.0,326.3999938964844,315.1499938964844,321.25,1925052
2018-10-15 18:30:00+00:00,323.3999938964844,335.79998779296875,321.8999938964844,333.3500061035156,4764262
2018-10-16 18:30:00+00:00,337.5,339.29998779296875,309.6000061035156,313.8999938964844,3323311
2018-10-18 18:30:00+00:00,313.95001220703125,320.25,305.3500061035156,315.3500061035156,2731598
2018-10-21 18:30:00+00:00,318.70001220703125,324.8999938964844,308.95001220703125,315.3999938964844,4606057
2018-10-22 18:30:00+00:00,317.3500061035156,320.70001220703125,311.0,319.0,3893139
2018-10-23 18:30:00+00:00,325.0,329.3999938964844,307.3999938964844,314.1499938964844,7675048
2018-10-24 18:30:00+00:00,311.8999938964844,312.8999938964844,298.70001220703125,305.6000061035156,4584103
2018-10-25 18:30:00+00:00,307.0,310.54998779296875,301.45001220703125,304.1000061035156,4704344
2018-10-28 18:30:00+00:00,305.1000061035156,327.95001220703125,303.0,326.3999938964844,5379930
2018-10-29 18:30:00+00:00,324.0,335.3999938964844,320.0,322.6000061035156,4301781
2018-10-30 18:30:00+00:00,324.6000061035156,324.95001220703125,313.25,318.8500061035156,6383757
2018-10-31 18:30:00+00:00,322.70001220703125,326.6000061035156,313.8999938964844,318.29998779296875,5167082
2018-11-01 18:30:00+00:00,321.70001220703125,340.1499938964844,319.3999938964844,333.6000061035156,7387791
2018-11-04 18:30:00+00:00,334.45001220703125,334.45001220703125,326.70001220703125,329.54998779296875,3085488
2018-11-05 18:30:00+00:00,331.0,337.45001220703125,323.1499938964844,325.6000061035156,5044028
2018-11-06 18:30:00+00:00,329.0,329.0,324.3500061035156,326.20001220703125,301934
2018-11-08 18:30:00+00:00,328.0,338.8500061035156,326.1499938964844,337.6000061035156,3522988
2018-11-11 18:30:00+00:00,339.0,344.70001220703125,327.29998779296875,328.6499938964844,3573699
2018-11-12 18:30:00+00:00,327.6499938964844,335.0,324.70001220703125,334.1000061035156,1738296
2018-11-13 18:30:00+00:00,335.29998779296875,337.0,329.5,332.0,2981090
2018-11-14 18:30:00+00:00,334.0,347.8500061035156,330.0,346.20001220703125,5293256
2018-11-15 18:30:00+00:00,346.0,351.3999938964844,342.0,347.45001220703125,3619678
2018-11-18 18:30:00+00:00,348.20001220703125,352.0,342.3999938964844,350.54998779296875,2321979
2018-11-19 18:30:00+00:00,349.8500061035156,357.54998779296875,347.0,355.25,5778336
2018-11-20 18:30:00+00:00,355.25,362.8500061035156,352.54998779296875,361.25,3161864
2018-11-21 18:30:00+00:00,359.3500061035156,370.8999938964844,359.3500061035156,368.1499938964844,4446824
2018-11-25 18:30:00+00:00,368.45001220703125,370.3999938964844,356.0,369.04998779296875,3906643
2018-11-26 18:30:00+00:00,368.45001220703125,373.0,363.20001220703125,369.04998779296875,4995025
2018-11-27 18:30:00+00:00,368.20001220703125,369.0,362.25,365.3999938964844,2583045
2018-11-28 18:30:00+00:00,366.5,371.3500061035156,363.20001220703125,369.79998779296875,3425961
2018-11-29 18:30:00+00:00,369.79998779296875,374.6000061035156,363.6000061035156,365.6499938964844,4137466
2018-12-02 18:30:00+00:00,367.45001220703125,379.8999938964844,365.0,375.6499938964844,4303979
2018-12-03 18:30:00+00:00,374.45001220703125,375.6499938964844,370.6499938964844,373.79998779296875,2615507
2018-12-04 18:30:00+00:00,375.0,376.75,372.70001220703125,374.75,4847267
2018-12-05 18:30:00+00:00,372.8999938964844,375.29998779296875,362.6000061035156,363.95001220703125,6200377
2018-12-06 18:30:00+00:00,364.79998779296875,374.6000061035156,363.75,373.45001220703125,3286454
2018-12-09 18:30:00+00:00,360.1000061035156,365.5,357.6000061035156,359.1499938964844,2917295
2018-12-10 18:30:00+00:00,347.0,363.54998779296875,347.0,355.75,6177739
2018-12-11 18:30:00+00:00,357.0,376.1499938964844,355.54998779296875,374.45001220703125,2845017
2018-12-12 18:30:00+00:00,374.8999938964844,376.45001220703125,370.0,371.04998779296875,2369770
2018-12-13 18:30:00+00:00,370.0,371.1499938964844,367.0,368.6000061035156,2380991
2018-12-16 18:30:00+00:00,369.1499938964844,377.6000061035156,369.1499938964844,371.3999938964844,3175781
2018-12-17 18:30:00+00:00,369.0,374.3500061035156,365.0,372.8999938964844,2687027
2018-12-18 18:30:00+00:00,373.8999938964844,377.3500061035156,372.0,375.8500061035156,1607147
2018-12-19 18:30:00+00:00,374.20001220703125,376.8500061035156,369.0,375.1499938964844,2746343
2018-12-20 18:30:00+00:00,374.29998779296875,379.5,359.1499938964844,361.1000061035156,10909545
2018-12-23 18:30:00+00:00,361.25,366.75,358.29998779296875,361.1000061035156,2268806
2018-12-25 18:30:00+00:00,360.20001220703125,378.5,357.5,376.54998779296875,4519020
2018-12-26 18:30:00+00:00,379.25,385.79998779296875,373.6499938964844,384.0,5043675
2018-12-27 18:30:00+00:00,384.95001220703125,390.75,384.0,387.3999938964844,3282766
2018-12-30 18:30:00+00:00,387.20001220703125,389.95001220703125,385.6499938964844,387.70001220703125,2062181
2018-12-31 18:30:00+00:00,386.29998779296875,390.8999938964844,384.04998779296875,389.0,1233249
2019-01-01 18:30:00+00:00,388.0,388.95001220703125,378.0,381.29998779296875,1506543
2019-01-02 18:30:00+00:00,382.3999938964844,385.29998779296875,376.6000061035156,378.1000061035156,1902063
2019-01-03 18:30:00+00:00,378.6499938964844,383.95001220703125,375.8500061035156,382.1499938964844,1669709
2019-01-06 18:30:00+00:00,385.0,386.95001220703125,379.3500061035156,381.6499938964844,1260331
2019-01-07 18:30:00+00:00,383.0,383.0,375.75,378.75,2154121
2019-01-08 18:30:00+00:00,382.0,382.0,373.29998779296875,377.29998779296875,1166498
2019-01-09 18:30:00+00:00,377.95001220703125,381.79998779296875,376.95001220703125,380.25,1286641
2019-01-10 18:30:00+00:00,380.29998779296875,381.0,375.1000061035156,377.1499938964844,1829555
2019-01-13 18:30:00+00:00,377.0,377.0,372.3999938964844,374.45001220703125,927301
2019-01-14 18:30:00+00:00,375.0,386.0,375.0,385.1499938964844,1965520
2019-01-15 18:30:00+00:00,385.29998779296875,390.70001220703125,379.20001220703125,389.29998779296875,2847403
2019-01-16 18:30:00+00:00,391.20001220703125,395.45001220703125,386.5,394.5,4156932
2019-01-17 18:30:00+00:00,396.5,399.95001220703125,392.25,399.29998779296875,3617922
2019-01-20 18:30:00+00:00,397.5,402.70001220703125,392.1000061035156,396.20001220703125,2563705
2019-01-21 18:30:00+00:00,393.3999938964844,394.70001220703125,387.1000061035156,390.6000061035156,3328908
2019-01-22 18:30:00+00:00,390.0,392.0,383.6000061035156,385.20001220703125,3653992
2019-01-23 18:30:00+00:00,386.0,386.5,377.6000061035156,380.95001220703125,3633336
2019-01-24 18:30:00+00:00,382.5,383.75,372.25,373.8500061035156,4760625
2019-01-27 18:30:00+00:00,374.95001220703125,375.3500061035156,292.1000061035156,326.1000061035156,15177384
2019-01-28 18:30:00+00:00,330.0,354.6000061035156,327.6000061035156,349.25,9816333
2019-01-29 18:30:00+00:00,349.04998779296875,349.04998779296875,335.6000061035156,338.1499938964844,7672859
2019-01-30 18:30:00+00:00,339.8999938964844,341.70001220703125,330.20001220703125,338.6499938964844,6403921
2019-01-31 18:30:00+00:00,339.8999938964844,346.79998779296875,333.3500061035156,338.45001220703125,3119675
2019-02-03 18:30:00+00:00,337.25,338.79998779296875,329.04998779296875,335.6499938964844,4517829
2019-02-04 18:30:00+00:00,333.1000061035156,340.95001220703125,330.75,339.79998779296875,3262960
2019-02-05 18:30:00+00:00,338.79998779296875,341.79998779296875,318.8500061035156,330.3500061035156,6687853
2019-02-06 18:30:00+00:00,330.54998779296875,336.3500061035156,322.6000061035156,332.3500061035156,4871712
2019-02-07 18:30:00+00:00,333.0,336.5,328.0,331.5,2915806
2019-02-10 18:30:00+00:00,332.95001220703125,333.95001220703125,318.3999938964844,328.79998779296875,3783848
2019-02-11 18:30:00+00:00,328.79998779296875,329.95001220703125,323.25,326.79998779296875,4496913
2019-02-13 18:30:00+00:00,342.0,352.20001220703125,340.04998779296875,349.1000061035156,6612759
2019-02-14 18:30:00+00:00,347.54998779296875,352.8999938964844,347.29998779296875,350.1499938964844,7728519
2019-02-17 18:30:00+00:00,348.0,352.8999938964844,345.54998779296875,347.29998779296875,6875440
2019-02-18 18:30:00+00:00,347.5,348.5,337.54998779296875,339.54998779296875,3300497
2019-02-19 18:30:00+00:00,342.0,356.3500061035156,340.95001220703125,354.75,4885571
2019-02-20 18:30:00+00:00,352.1000061035156,359.25,350.79998779296875,355.75,4089677
2019-02-21 18:30:00+00:00,353.54998779296875,358.6000061035156,352.70001220703125,354.29998779296875,1719606
2019-02-24 18:30:00+00:00,329.0,339.54998779296875,320.6000061035156,324.54998779296875,21795407
2019-02-25 18:30:00+00:00,324.0,326.5,315.75,323.5,14243781
2019-02-26 18:30:00+00:00,326.54998779296875,332.29998779296875,322.6000061035156,325.25,5738757
2019-02-27 18:30:00+00:00,328.70001220703125,329.70001220703125,325.1499938964844,325.8500061035156,5059506
2019-02-28 18:30:00+00:00,328.79998779296875,334.79998779296875,327.0,333.20001220703125,4756894
2019-03-04 18:30:00+00:00,333.25,340.5,330.5,339.25,5098498
2019-03-05 18:30:00+00:00,342.5,349.20001220703125,334.04998779296875,337.04998779296875,7949482
2019-03-06 18:30:00+00:00,338.0,342.5,335.0,340.8999938964844,3047318
2019-03-07 18:30:00+00:00,340.8999938964844,342.95001220703125,338.1000061035156,342.1499938964844,2265000
2019-03-10 18:30:00+00:00,343.20001220703125,352.8999938964844,342.1499938964844,351.29998779296875,2918059
2019-03-11 18:30:00+00:00,352.54998779296875,365.1499938964844,351.6000061035156,361.04998779296875,5386817
2019-03-12 18:30:00+00:00,361.45001220703125,369.3999938964844,357.79998779296875,367.1499938964844,3888377
2019-03-13 18:30:00+00:00,367.0,369.20001220703125,360.20001220703125,366.0,1775804
2019-03-14 18:30:00+00:00,366.25,368.95001220703125,361.5,367.1000061035156,3057825
2019-03-17 18:30:00+00:00,365.04998779296875,375.79998779296875,365.04998779296875,369.0,3037029
2019-03-18 18:30:00+00:00,370.0,372.0,362.5,365.75,1933040
2019-03-19 18:30:00+00:00,367.0,367.54998779296875,359.5,360.6000061035156,2925322
2019-03-21 18:30:00+00:00,359.6000061035156,362.0,355.29998779296875,360.75,3229387
2019-03-24 18:30:00+00:00,358.8999938964844,363.0,353.1499938964844,361.3500061035156,3162063
2019-03-25 18:30:00+00:00,361.3500061035156,369.8500061035156,361.3500061035156,368.6000061035156,2657710
2019-03-26 18:30:00+00:00,367.20001220703125,371.70001220703125,364.20001220703125,366.29998779296875,2965654
2019-03-27 18:30:00+00:00,368.8500061035156,382.6499938964844,366.29998779296875,381.29998779296875,5909606
2019-03-31 18:30:00+00:00,380.95001220703125,386.5,378.79998779296875,383.04998779296875,2479521
2019-04-01 18:30:00+00:00,383.0,386.0,377.5,379.70001220703125,1825681
2019-04-02 18:30:00+00:00,380.29998779296875,386.29998779296875,380.0,382.0,2701443
2019-04-03 18:30:00+00:00,382.0,382.04998779296875,374.70001220703125,378.25,1397625
2019-04-04 18:30:00+00:00,379.0,388.8999938964844,377.3999938964844,387.1499938964844,2443633
2019-04-07 18:30:00+00:00,388.29998779296875,388.29998779296875,375.1499938964844,379.8999938964844,2624528
2019-04-08 18:30:00+00:00,379.75,381.6000061035156,373.0,380.70001220703125,1542463
2019-04-09 18:30:00+00:00,378.3999938964844,385.3999938964844,375.20001220703125,383.45001220703125,2067637
2019-04-10 18:30:00+00:00,382.5,383.0,377.5,379.45001220703125,1621369
2019-04-11 18:30:00+00:00,379.20001220703125,387.0,377.29998779296875,385.6499938964844,2146541
2019-04-14 18:30:00+00:00,385.0,389.0,382.75,387.04998779296875,2070828
2019-04-15 18:30:00+00:00,387.04998779296875,396.54998779296875,386.1000061035156,395.6499938964844,3728013
2019-04-17 18:30:00+00:00,395.0,395.5,388.8999938964844,390.54998779296875,3218018
2019-04-21 18:30:00+00:00,388.3999938964844,391.79998779296875,384.25,391.04998779296875,2279282
2019-04-22 18:30:00+00:00,389.54998779296875,391.70001220703125,385.54998779296875,390.8999938964844,2424827
2019-04-23 18:30:00+00:00,387.70001220703125,394.0,386.1000061035156,391.75,1674322
2019-04-24 18:30:00+00:00,390.0,392.8999938964844,387.6499938964844,389.25,5163069
2019-04-25 18:30:00+00:00,387.29998779296875,393.70001220703125,385.6499938964844,391.75,1681376
2019-04-29 18:30:00+00:00,391.1499938964844,393.95001220703125,384.79998779296875,392.79998779296875,2502107
2019-05-01 18:30:00+00:00,392.79998779296875,397.0,390.1499938964844,395.29998779296875,2139442
2019-05-02 18:30:00+00:00,393.0,398.3999938964844,385.04998779296875,387.25,1863548
2019-05-05 18:30:00+00:00,386.0,386.04998779296875,378.45001220703125,379.79998779296875,1648057
2019-05-06 18:30:00+00:00,381.0,383.95001220703125,370.1000061035156,371.8999938964844,1628805
2019-05-07 18:30:00+00:00,370.04998779296875,374.8999938964844,367.70001220703125,369.79998779296875,1688110
2019-05-08 18:30:00+00:00,369.8999938964844,370.70001220703125,361.1000061035156,363.8999938964844,1315271
2019-05-09 18:30:00+00:00,363.8999938964844,378.70001220703125,363.8999938964844,372.54998779296875,3030255
2019-05-12 18:30:00+00:00,369.8999938964844,372.29998779296875,362.95001220703125,364.75,1520562
2019-05-13 18:30:00+00:00,362.8999938964844,373.79998779296875,362.0,370.54998779296875,3050760
2019-05-14 18:30:00+00:00,371.0,375.0,359.1000061035156,360.1499938964844,2499138
2019-05-15 18:30:00+00:00,361.0,374.0,361.0,371.5,3157194
2019-05-16 18:30:00+00:00,368.79998779296875,372.79998779296875,362.0,367.1000061035156,3059404
2019-05-19 18:30:00+00:00,388.5,408.20001220703125,376.04998779296875,400.1000061035156,10973781
2019-05-20 18:30:00+00:00,409.0,411.3999938964844,385.29998779296875,387.6000061035156,9115899
2019-05-21 18:30:00+00:00,389.0,393.45001220703125,378.3999938964844,385.95001220703125,4543570
2019-05-22 18:30:00+00:00,398.95001220703125,430.6000061035156,392.1499938964844,407.54998779296875,23021274
2019-05-23 18:30:00+00:00,408.45001220703125,414.8500061035156,399.5,410.25,9272570
2019-05-26 18:30:00+00:00,409.25,417.29998779296875,405.6000061035156,412.3999938964844,5088602
2019-05-27 18:30:00+00:00,420.0,426.79998779296875,408.70001220703125,412.6499938964844,18296760
2019-05-28 18:30:00+00:00,412.29998779296875,412.95001220703125,404.29998779296875,406.54998779296875,2511011
2019-05-29 18:30:00+00:00,406.54998779296875,411.79998779296875,401.6000061035156,409.29998779296875,5598272
2019-05-30 18:30:00+00:00,408.79998779296875,417.70001220703125,407.3500061035156,416.3999938964844,4217665
2019-06-02 18:30:00+00:00,416.3999938964844,426.3500061035156,412.1000061035156,424.75,3852273
2019-06-03 18:30:00+00:00,423.3999938964844,429.8500061035156,417.3999938964844,425.54998779296875,7683485
2019-06-05 18:30:00+00:00,428.1499938964844,429.5,420.79998779296875,426.29998779296875,4848580
2019-06-06 18:30:00+00:00,426.29998779296875,427.3999938964844,419.45001220703125,425.20001220703125,2648848
2019-06-09 18:30:00+00:00,424.1000061035156,429.5,420.6000061035156,425.75,2374282
2019-06-10 18:30:00+00:00,424.70001220703125,427.79998779296875,423.1499938964844,426.29998779296875,1707108
2019-06-11 18:30:00+00:00,425.25,429.3999938964844,423.0,424.95001220703125,2329686
2019-06-12 18:30:00+00:00,424.0,426.29998779296875,422.5,424.95001220703125,2925612
2019-06-13 18:30:00+00:00,424.95001220703125,428.1499938964844,423.75,426.3999938964844,2745328
2019-06-16 18:30:00+00:00,426.0,426.3500061035156,422.1000061035156,422.8500061035156,2736051
2019-06-17 18:30:00+00:00,424.8999938964844,425.70001220703125,418.6000061035156,421.3999938964844,3509487
2019-06-18 18:30:00+00:00,423.5,424.8500061035156,400.70001220703125,407.70001220703125,5938743
2019-06-19 18:30:00+00:00,397.95001220703125,412.6000061035156,389.70001220703125,401.20001220703125,8383317
2019-06-20 18:30:00+00:00,402.1499938964844,407.6499938964844,397.6499938964844,402.0,4710025
2019-06-23 18:30:00+00:00,400.0,407.3999938964844,399.79998779296875,406.0,2582740
2019-06-24 18:30:00+00:00,404.0,407.20001220703125,402.6499938964844,405.6499938964844,2099347
2019-06-25 18:30:00+00:00,405.3999938964844,417.6000061035156,404.0,414.95001220703125,3327963
2019-06-26 18:30:00+00:00,415.25,418.29998779296875,404.70001220703125,406.5,8841636
2019-06-27 18:30:00+00:00,408.70001220703125,413.3500061035156,407.0,410.20001220703125,2148799
2019-06-30 18:30:00+00:00,412.0,414.0,408.5,413.25,1457022
2019-07-01 18:30:00+00:00,413.0,416.45001220703125,409.3999938964844,414.04998779296875,1671598
2019-07-02 18:30:00+00:00,414.0,419.5,414.0,414.8999938964844,2542307
2019-07-03 18:30:00+00:00,416.0,417.25,413.3500061035156,414.8999938964844,1101623
2019-07-04 18:30:00+00:00,416.3999938964844,416.5,400.54998779296875,402.45001220703125,1670037
2019-07-07 18:30:00+00:00,401.0,404.45001220703125,395.95001220703125,397.79998779296875,1648021
2019-07-08 18:30:00+00:00,397.70001220703125,406.0,392.6499938964844,405.0,1952280
2019-07-09 18:30:00+00:00,406.95001220703125,408.79998779296875,402.3500061035156,405.0,2023029
2019-07-10 18:30:00+00:00,408.20001220703125,413.70001220703125,403.8999938964844,412.8999938964844,1732979
2019-07-11 18:30:00+00:00,411.95001220703125,419.3999938964844,409.6000061035156,415.29998779296875,2818537
2019-07-14 18:30:00+00:00,413.54998779296875,416.20001220703125,408.1000061035156,409.1000061035156,2601603
2019-07-15 18:30:00+00:00,411.6499938964844,421.5,407.6499938964844,417.75,2111513
2019-07-16 18:30:00+00:00,420.20001220703125,421.1000061035156,414.29998779296875,417.04998779296875,1698318
2019-07-17 18:30:00+00:00,416.70001220703125,419.29998779296875,410.75,412.3999938964844,1300071
2019-07-18 18:30:00+00:00,414.54998779296875,416.6499938964844,401.75,405.5,1894624
2019-07-21 18:30:00+00:00,403.79998779296875,409.5,396.5,407.20001220703125,1941825
2019-07-22 18:30:00+00:00,409.0,409.0,398.0,399.75,2835920
2019-07-23 18:30:00+00:00,400.0,400.54998779296875,378.0,380.79998779296875,4748109
2019-07-24 18:30:00+00:00,380.79998779296875,385.54998779296875,377.0,380.3500061035156,2998970
2019-07-25 18:30:00+00:00,380.6499938964844,384.3999938964844,377.20001220703125,381.6499938964844,2701597
2019-07-28 18:30:00+00:00,381.54998779296875,382.79998779296875,372.0,373.8500061035156,1888927
2019-07-29 18:30:00+00:00,376.6000061035156,379.8999938964844,371.1000061035156,373.45001220703125,2312161
2019-07-30 18:30:00+00:00,373.0,381.79998779296875,368.6499938964844,377.54998779296875,2429787
2019-07-31 18:30:00+00:00,376.0,377.8500061035156,366.29998779296875,371.1000061035156,1720133
2019-08-01 18:30:00+00:00,368.5,379.75,363.6499938964844,375.45001220703125,3029294
2019-08-04 18:30:00+00:00,372.0,372.0,359.1499938964844,367.8500061035156,2432675
2019-08-05 18:30:00+00:00,365.6000061035156,378.6000061035156,365.25,376.95001220703125,3719169
2019-08-06 18:30:00+00:00,379.54998779296875,379.54998779296875,365.6499938964844,372.25,3419644
2019-08-07 18:30:00+00:00,378.0,379.5,367.45001220703125,373.95001220703125,3397923
2019-08-08 18:30:00+00:00,377.70001220703125,380.5,374.25,376.6000061035156,2223023
2019-08-12 18:30:00+00:00,376.3999938964844,379.54998779296875,359.1000061035156,360.54998779296875,2576776
2019-08-13 18:30:00+00:00,361.54998779296875,363.0,356.6000061035156,358.8500061035156,4506969
2019-08-15 18:30:00+00:00,356.04998779296875,358.54998779296875,350.0,357.3500061035156,4433448
2019-08-18 18:30:00+00:00,357.6000061035156,363.3999938964844,356.5,357.3999938964844,2152462
2019-08-19 18:30:00+00:00,357.3999938964844,359.75,352.0,354.95001220703125,1767899
2019-08-20 18:30:00+00:00,355.0,355.0,348.3999938964844,350.70001220703125,1459740
2019-08-21 18:30:00+00:00,348.79998779296875,348.79998779296875,340.79998779296875,345.04998779296875,2171160
2019-08-22 18:30:00+00:00,346.3999938964844,354.1499938964844,339.6499938964844,349.3500061035156,2246560
2019-08-25 18:30:00+00:00,366.0,375.0,349.3500061035156,368.20001220703125,4974219
2019-08-26 18:30:00+00:00,370.29998779296875,374.25,367.29998779296875,372.04998779296875,3040184
2019-08-27 18:30:00+00:00,373.1000061035156,374.25,364.04998779296875,365.95001220703125,2186454
2019-08-28 18:30:00+00:00,367.0,370.29998779296875,361.29998779296875,366.20001220703125,1725632
2019-08-29 18:30:00+00:00,368.45001220703125,368.8500061035156,359.3999938964844,365.70001220703125,2313806
2019-09-02 18:30:00+00:00,362.70001220703125,367.1499938964844,359.54998779296875,361.29998779296875,1638833
2019-09-03 18:30:00+00:00,361.29998779296875,365.75,356.6499938964844,364.3500061035156,1846644
2019-09-04 18:30:00+00:00,365.70001220703125,367.75,361.25,366.54998779296875,1642165
2019-09-05 18:30:00+00:00,368.0,368.70001220703125,363.79998779296875,365.75,2366109
2019-09-08 18:30:00+00:00,365.79998779296875,371.79998779296875,363.6499938964844,369.54998779296875,2954338
2019-09-10 18:30:00+00:00,371.20001220703125,374.95001220703125,366.5,373.3500061035156,3341392
2019-09-11 18:30:00+00:00,375.0,376.20001220703125,370.5,372.45001220703125,2625251
2019-09-12 18:30:00+00:00,376.5,377.0,370.3999938964844,374.20001220703125,2925109
2019-09-15 18:30:00+00:00,373.0,373.79998779296875,368.1000061035156,370.6000061035156,2561643
2019-09-16 18:30:00+00:00,370.6000061035156,373.25,362.79998779296875,365.29998779296875,2609989
2019-09-17 18:30:00+00:00,365.0,368.29998779296875,364.20001220703125,366.3500061035156,1469778
2019-09-18 18:30:00+00:00,366.29998779296875,366.5,357.8500061035156,361.8999938964844,1317155
2019-09-19 18:30:00+00:00,362.45001220703125,384.79998779296875,361.0,380.70001220703125,6134710
2019-09-22 18:30:00+00:00,394.0,417.5,386.1000061035156,410.95001220703125,6695717
2019-09-23 18:30:00+00:00,409.95001220703125,417.5,403.95001220703125,413.8500061035156,3112368
2019-09-24 18:30:00+00:00,409.29998779296875,417.95001220703125,409.1000061035156,414.79998779296875,2997555
2019-09-25 18:30:00+00:00,412.20001220703125,420.6000061035156,412.0,419.1499938964844,8639414
2019-09-26 18:30:00+00:00,418.0,420.5,406.1000061035156,408.6000061035156,3789544
2019-09-29 18:30:00+00:00,403.0,415.54998779296875,401.45001220703125,413.95001220703125,3152658
2019-09-30 18:30:00+00:00,415.20001220703125,417.8999938964844,401.6000061035156,404.04998779296875,2532760
2019-10-02 18:30:00+00:00,403.5,406.20001220703125,398.6000061035156,403.8999938964844,2619077
2019-10-03 18:30:00+00:00,405.5,407.25,392.95001220703125,394.6000061035156,1610595
2019-10-06 18:30:00+00:00,396.0,400.75,390.6499938964844,395.25,1399825
2019-10-08 18:30:00+00:00,396.3500061035156,402.8500061035156,391.54998779296875,400.45001220703125,3905912
2019-10-09 18:30:00+00:00,397.79998779296875,401.6000061035156,395.6000061035156,399.8999938964844,3034826
2019-10-10 18:30:00+00:00,401.25,410.25,395.8999938964844,409.04998779296875,2283201
2019-10-13 18:30:00+00:00,410.8999938964844,413.0,404.79998779296875,407.45001220703125,3313476
2019-10-14 18:30:00+00:00,408.8500061035156,414.5,407.45001220703125,413.75,2434978
2019-10-15 18:30:00+00:00,413.0,413.75,403.6000061035156,410.0,2008661
2019-10-16 18:30:00+00:00,409.1000061035156,411.20001220703125,404.6000061035156,409.1499938964844,2478950
2019-10-17 18:30:00+00:00,410.0,423.79998779296875,408.0,421.70001220703125,4047650
2019-10-21 18:30:00+00:00,421.5,428.8500061035156,417.1000061035156,420.75,2380735
2019-10-22 18:30:00+00:00,418.0,419.0,395.0,396.1000061035156,6752056
2019-10-23 18:30:00+00:00,399.0,401.45001220703125,393.3500061035156,399.1499938964844,6433637
2019-10-24 18:30:00+00:00,402.95001220703125,402.95001220703125,396.8500061035156,398.95001220703125,3272059
2019-10-28 18:30:00+00:00,401.0,401.0,398.1499938964844,398.95001220703125,2269051
2019-10-29 18:30:00+00:00,399.20001220703125,405.0,395.5,398.1000061035156,5590453
2019-10-30 18:30:00+00:00,399.25,400.0,393.6499938964844,395.79998779296875,2529130
2019-10-31 18:30:00+00:00,396.0,397.25,387.8500061035156,389.75,3665336
2019-11-03 18:30:00+00:00,390.0,394.95001220703125,389.75,391.0,3146855
2019-11-04 18:30:00+00:00,391.70001220703125,392.8999938964844,386.5,390.0,1395899
2019-11-05 18:30:00+00:00,390.0,394.3999938964844,388.5,391.0,2277683
2019-11-06 18:30:00+00:00,390.5,392.0,388.04998779296875,390.45001220703125,1615593
2019-11-07 18:30:00+00:00,391.20001220703125,391.20001220703125,385.5,386.1499938964844,1206504
2019-11-10 18:30:00+00:00,386.1499938964844,389.1499938964844,382.5,387.8999938964844,2300763
2019-11-12 18:30:00+00:00,391.0,391.79998779296875,369.3999938964844,370.79998779296875,5392849
2019-11-13 18:30:00+00:00,371.8999938964844,374.1000061035156,365.8500061035156,369.1000061035156,2662084
2019-11-14 18:30:00+00:00,369.1000061035156,370.8999938964844,365.5,366.29998779296875,2362065
2019-11-17 18:30:00+00:00,366.29998779296875,367.45001220703125,364.1000061035156,365.6499938964844,1835202
2019-11-18 18:30:00+00:00,367.5,368.1499938964844,361.54998779296875,364.04998779296875,2758083
2019-11-19 18:30:00+00:00,364.5,377.1000061035156,364.0,366.70001220703125,6385953
2019-11-20 18:30:00+00:00,368.0,376.25,368.0,372.1000061035156,6556285
2019-11-21 18:30:00+00:00,372.25,375.54998779296875,370.45001220703125,371.45001220703125,3679373
2019-11-24 18:30:00+00:00,372.0,379.20001220703125,371.5,374.70001220703125,3050808
2019-11-25 18:30:00+00:00,377.04998779296875,378.0,368.45001220703125,370.3999938964844,4348236
2019-11-26 18:30:00+00:00,372.0,374.3500061035156,367.25,372.95001220703125,1417796
2019-11-27 18:30:00+00:00,376.0,377.70001220703125,370.5,372.6000061035156,1649478
2019-11-28 18:30:00+00:00,372.0,384.95001220703125,370.79998779296875,382.04998779296875,30111277
2019-12-01 18:30:00+00:00,381.1000061035156,383.3500061035156,375.8500061035156,377.75,3783084
2019-12-02 18:30:00+00:00,380.0,380.0,359.54998779296875,361.95001220703125,4189825
2019-12-03 18:30:00+00:00,361.5,370.3500061035156,357.3500061035156,367.8500061035156,4369308
2019-12-04 18:30:00+00:00,368.0,373.6000061035156,365.1499938964844,368.3999938964844,3179935
2019-12-05 18:30:00+00:00,370.6499938964844,371.29998779296875,363.3999938964844,366.1499938964844,2376977
2019-12-08 18:30:00+00:00,368.25,377.5,364.95001220703125,373.6000061035156,4988293
2019-12-09 18:30:00+00:00,373.8999938964844,375.8500061035156,366.04998779296875,366.8999938964844,2108098
2019-12-10 18:30:00+00:00,368.95001220703125,370.8500061035156,365.0,369.70001220703125,1710192
2019-12-11 18:30:00+00:00,371.45001220703125,376.5,370.8999938964844,372.5,2012086
2019-12-12 18:30:00+00:00,372.54998779296875,380.8999938964844,372.54998779296875,376.95001220703125,2699035
2019-12-15 18:30:00+00:00,377.25,380.45001220703125,366.95001220703125,368.3500061035156,3579883
2019-12-16 18:30:00+00:00,369.20001220703125,373.0,367.54998779296875,371.25,4226416
2019-12-17 18:30:00+00:00,372.1000061035156,375.79998779296875,369.1000061035156,374.5,3960881
2019-12-18 18:30:00+00:00,374.0,374.25,367.6000061035156,369.6499938964844,2769484
2019-12-19 18:30:00+00:00,370.20001220703125,378.0,370.20001220703125,372.29998779296875,10808900
2019-12-22 18:30:00+00:00,372.04998779296875,374.20001220703125,364.25,366.8999938964844,4275342
2019-12-23 18:30:00+00:00,368.0,372.0,366.0,368.6000061035156,2948878
2019-12-25 18:30:00+00:00,368.79998779296875,370.6000061035156,362.1000061035156,363.6499938964844,2503435
2019-12-26 18:30:00+00:00,366.75,367.8999938964844,362.79998779296875,363.70001220703125,2146972
2019-12-29 18:30:00+00:00,371.0,371.0,363.75,365.95001220703125,4732203
2019-12-30 18:30:00+00:00,366.0,368.6499938964844,364.8999938964844,366.0,2043206
2019-12-31 18:30:00+00:00,368.0,379.25,366.0,377.6499938964844,11377167
2020-01-01 18:30:00+00:00,377.95001220703125,384.70001220703125,376.5,383.1499938964844,5919760
2020-01-02 18:30:00+00:00,382.70001220703125,384.3500061035156,379.20001220703125,382.5,3684824
2020-01-05 18:30:00+00:00,388.0,388.0,374.75,380.20001220703125,12482680
2020-01-06 18:30:00+00:00,384.04998779296875,389.75,382.3999938964844,384.79998779296875,8091465
2020-01-07 18:30:00+00:00,379.0,387.6000061035156,378.25,385.6499938964844,4620991
2020-01-08 18:30:00+00:00,389.1499938964844,394.0,386.04998779296875,391.79998779296875,4186783
2020-01-09 18:30:00+00:00,391.79998779296875,394.29998779296875,390.0,392.04998779296875,2405154
2020-01-12 18:30:00+00:00,391.8999938964844,393.8999938964844,389.29998779296875,390.3500061035156,1516112
2020-01-13 18:30:00+00:00,391.0,392.6000061035156,386.0,389.20001220703125,1963128
2020-01-14 18:30:00+00:00,389.29998779296875,391.3999938964844,386.0,390.79998779296875,1536571
2020-01-15 18:30:00+00:00,392.0,394.6000061035156,389.79998779296875,390.95001220703125,1340762
2020-01-16 18:30:00+00:00,390.8999938964844,392.3999938964844,386.0,387.6000061035156,1644832
2020-01-19 18:30:00+00:00,387.6499938964844,389.20001220703125,378.79998779296875,380.04998779296875,1760945
2020-01-20 18:30:00+00:00,378.79998779296875,382.0,375.29998779296875,379.95001220703125,2005178
2020-01-21 18:30:00+00:00,379.95001220703125,385.0,379.0,383.6000061035156,1817459
2020-01-22 18:30:00+00:00,384.45001220703125,386.75,380.75,385.8500061035156,1202104
2020-01-23 18:30:00+00:00,383.0,387.3999938964844,380.29998779296875,384.75,1572385
2020-01-26 18:30:00+00:00,383.70001220703125,386.25,379.79998779296875,381.25,1076027
2020-01-27 18:30:00+00:00,380.70001220703125,381.5,370.20001220703125,372.95001220703125,2220618
2020-01-28 18:30:00+00:00,377.5,387.75,373.75,383.3500061035156,3588224
2020-01-29 18:30:00+00:00,381.0,383.70001220703125,376.8500061035156,378.0,1526892
2020-01-30 18:30:00+00:00,380.04998779296875,381.54998779296875,368.25,369.3999938964844,2912256
2020-02-02 18:30:00+00:00,364.0,370.0,355.5,367.3500061035156,2857926
2020-02-03 18:30:00+00:00,370.1000061035156,376.0,366.3500061035156,372.5,3061868
2020-02-04 18:30:00+00:00,372.0,372.5,361.1000061035156,366.6000061035156,3441871
2020-02-05 18:30:00+00:00,370.0,373.20001220703125,367.6499938964844,370.20001220703125,4172547
2020-02-06 18:30:00+00:00,370.20001220703125,373.70001220703125,367.20001220703125,369.54998779296875,2197903
2020-02-09 18:30:00+00:00,370.04998779296875,373.45001220703125,366.1499938964844,368.25,1537598
2020-02-10 18:30:00+00:00,370.5,378.3999938964844,369.04998779296875,374.20001220703125,2836917
2020-02-11 18:30:00+00:00,376.95001220703125,378.8999938964844,371.6000061035156,374.1000061035156,1873710
2020-02-12 18:30:00+00:00,374.0,374.70001220703125,367.0,369.1000061035156,1602247
2020-02-13 18:30:00+00:00,370.29998779296875,372.0,366.0,366.8500061035156,1012713
2020-02-16 18:30:00+00:00,366.8500061035156,366.8500061035156,359.3999938964844,362.79998779296875,1979626
2020-02-17 18:30:00+00:00,362.5,368.45001220703125,358.3500061035156,366.6000061035156,1693616
2020-02-18 18:30:00+00:00,371.0,374.45001220703125,367.3500061035156,371.29998779296875,2057811
2020-02-19 18:30:00+00:00,371.0,374.5,370.0,370.8500061035156,1799254
2020-02-23 18:30:00+00:00,367.6499938964844,371.3999938964844,361.5,362.25,2070656
2020-02-24 18:30:00+00:00,362.29998779296875,364.70001220703125,355.6000061035156,358.3999938964844,2530137
2020-02-25 18:30:00+00:00,356.8999938964844,362.5,352.8999938964844,358.3999938964844,4164401
2020-02-26 18:30:00+00:00,358.70001220703125,360.75,351.5,353.70001220703125,1977795
2020-02-27 18:30:00+00:00,347.0,348.6499938964844,339.20001220703125,342.20001220703125,4299292
2020-03-01 18:30:00+00:00,346.1000061035156,351.04998779296875,338.29998779296875,340.6499938964844,2510491
2020-03-02 18:30:00+00:00,344.0,349.04998779296875,342.0,347.29998779296875,3671071
2020-03-03 18:30:00+00:00,347.79998779296875,349.79998779296875,339.8999938964844,345.95001220703125,3490806
2020-03-04 18:30:00+00:00,347.29998779296875,351.8999938964844,346.5,349.1499938964844,2709900
2020-03-05 18:30:00+00:00,339.79998779296875,343.20001220703125,331.25,341.3999938964844,3966036
2020-03-08 18:30:00+00:00,334.70001220703125,334.70001220703125,316.8500061035156,321.8999938964844,3230309
2020-03-10 18:30:00+00:00,322.79998779296875,326.3500061035156,316.20001220703125,320.20001220703125,5634335
2020-03-11 18:30:00+00:00,288.20001220703125,301.8999938964844,284.0,287.6499938964844,9895066
2020-03-12 18:30:00+00:00,260.0,300.70001220703125,232.0,292.75,21079070
2020-03-15 18:30:00+00:00,273.0,276.8500061035156,252.0,261.3999938964844,7727458
2020-03-16 18:30:00+00:00,265.0,283.3500061035156,265.0,267.1499938964844,9691217
2020-03-17 18:30:00+00:00,270.0,273.0,256.0,260.3999938964844,5581367
2020-03-18 18:30:00+00:00,248.0,264.1499938964844,241.0,258.3500061035156,8727962
2020-03-19 18:30:00+00:00,257.6000061035156,264.5,247.1999969482422,256.3999938964844,7028900
2020-03-22 18:30:00+00:00,235.0,235.8000030517578,203.0,207.8000030517578,5716748
2020-03-23 18:30:00+00:00,216.0,238.75,212.60000610351562,231.75,9694177
2020-03-24 18:30:00+00:00,222.3000030517578,266.5,222.3000030517578,255.60000610351562,11745146
2020-03-25 18:30:00+00:00,257.6499938964844,260.1000061035156,241.5,248.1999969482422,8701776
2020-03-26 18:30:00+00:00,259.0,259.6000061035156,244.0,251.3000030517578,4871435
2020-03-29 18:30:00+00:00,248.0,254.85000610351562,237.0,251.64999389648438,8946439
2020-03-30 18:30:00+00:00,255.0,259.6000061035156,247.0500030517578,251.3000030517578,6401278
2020-03-31 18:30:00+00:00,246.0500030517578,247.8000030517578,235.0500030517578,244.8000030517578,4034211
2020-04-02 18:30:00+00:00,246.0,252.8000030517578,238.89999389648438,244.8000030517578,7210403
2020-04-06 18:30:00+00:00,254.1999969482422,255.85000610351562,245.60000610351562,248.10000610351562,7360798
2020-04-07 18:30:00+00:00,248.0,255.85000610351562,242.75,250.85000610351562,6897792
2020-04-08 18:30:00+00:00,254.0,254.60000610351562,247.4499969482422,251.89999389648438,5290625
2020-04-12 18:30:00+00:00,252.0,265.5,247.5,262.8500061035156,6979344
2020-04-14 18:30:00+00:00,265.0,279.3999938964844,265.0,268.8999938964844,7606664
2020-04-15 18:30:00+00:00,267.0,271.29998779296875,260.29998779296875,267.6000061035156,3267284
2020-04-16 18:30:00+00:00,275.0,275.8999938964844,263.6000061035156,268.1499938964844,3470146
2020-04-19 18:30:00+00:00,273.5,273.5,266.54998779296875,270.5,2234365
2020-04-20 18:30:00+00:00,266.04998779296875,269.6000061035156,260.8999938964844,265.20001220703125,2562044
2020-04-21 18:30:00+00:00,260.0,273.8500061035156,258.5,271.8999938964844,3229099
2020-04-22 18:30:00+00:00,273.5,279.70001220703125,268.5,277.6000061035156,3594086
2020-04-23 18:30:00+00:00,273.95001220703125,276.95001220703125,269.54998779296875,270.6499938964844,2515755
2020-04-26 18:30:00+00:00,273.29998779296875,277.1000061035156,269.5,271.1499938964844,1845577
2020-04-27 18:30:00+00:00,271.1499938964844,274.70001220703125,270.0,272.95001220703125,1808291
2020-04-28 18:30:00+00:00,274.0,293.20001220703125,272.70001220703125,287.6499938964844,4058322
2020-04-29 18:30:00+00:00,295.04998779296875,296.0,285.1000061035156,290.1000061035156,4675412
2020-05-03 18:30:00+00:00,275.0,280.0,262.0,266.3500061035156,6359013
2020-05-04 18:30:00+00:00,271.70001220703125,271.70001220703125,261.1000061035156,263.1000061035156,4866839
2020-05-05 18:30:00+00:00,261.1000061035156,273.5,261.1000061035156,270.1499938964844,10547916
2020-05-06 18:30:00+00:00,271.20001220703125,284.5,268.45001220703125,282.3999938964844,6505707
2020-05-07 18:30:00+00:00,285.1000061035156,286.8500061035156,280.54998779296875,285.04998779296875,2594066
2020-05-10 18:30:00+00:00,285.20001220703125,293.25,285.20001220703125,289.70001220703125,3204070
2020-05-11 18:30:00+00:00,289.0,292.79998779296875,285.25,291.5,4602740
2020-05-12 18:30:00+00:00,297.0,311.8999938964844,262.3500061035156,309.3500061035156,9559902
2020-05-13 18:30:00+00:00,301.1000061035156,311.45001220703125,301.1000061035156,308.3999938964844,5684066
2020-05-14 18:30:00+00:00,309.0,312.0,305.3500061035156,309.25,3712050
2020-05-17 18:30:00+00:00,306.0,307.3500061035156,291.3500061035156,293.29998779296875,3625908
2020-05-18 18:30:00+00:00,299.79998779296875,320.8999938964844,297.3500061035156,319.20001220703125,10540236
2020-05-19 18:30:00+00:00,318.0,324.79998779296875,311.54998779296875,323.75,6985180
2020-05-20 18:30:00+00:00,319.3999938964844,322.1499938964844,315.3999938964844,317.1499938964844,4602568
2020-05-21 18:30:00+00:00,315.0,315.0,306.54998779296875,310.6000061035156,3428549
2020-05-25 18:30:00+00:00,312.3999938964844,320.54998779296875,309.6000061035156,315.6000061035156,4031218
2020-05-26 18:30:00+00:00,313.0,328.5,313.0,326.6499938964844,6352246
2020-05-27 18:30:00+00:00,329.5,334.1499938964844,327.45001220703125,331.79998779296875,5654879
2020-05-28 18:30:00+00:00,330.0,330.0,322.04998779296875,323.79998779296875,12299517
2020-05-31 18:30:00+00:00,326.0,336.3500061035156,326.0,329.3500061035156,2865749
2020-06-01 18:30:00+00:00,330.20001220703125,341.6499938964844,325.79998779296875,339.95001220703125,4668305
2020-06-02 18:30:00+00:00,344.0,344.95001220703125,336.8500061035156,339.54998779296875,5177337
2020-06-03 18:30:00+00:00,341.0,342.8999938964844,337.6000061035156,339.20001220703125,4625229
2020-06-04 18:30:00+00:00,340.1000061035156,347.1499938964844,337.20001220703125,341.1499938964844,2348630
2020-06-07 18:30:00+00:00,343.1000061035156,347.6499938964844,340.95001220703125,343.29998779296875,2771175
2020-06-08 18:30:00+00:00,344.5,351.3500061035156,341.29998779296875,346.04998779296875,3387618
2020-06-09 18:30:00+00:00,346.04998779296875,349.75,340.3999938964844,346.54998779296875,2324983
2020-06-10 18:30:00+00:00,348.0,348.0,336.79998779296875,338.6499938964844,4260956
2020-06-11 18:30:00+00:00,330.6499938964844,347.79998779296875,327.70001220703125,345.29998779296875,3022904
2020-06-14 18:30:00+00:00,346.5,346.8500061035156,336.8500061035156,339.75,2474091
2020-06-15 18:30:00+00:00,347.0,347.0,335.8999938964844,340.79998779296875,2686016
2020-06-16 18:30:00+00:00,341.0,346.45001220703125,337.54998779296875,341.29998779296875,2457982
2020-06-17 18:30:00+00:00,340.3500061035156,345.5,335.1499938964844,343.79998779296875,2502231
2020-06-18 18:30:00+00:00,344.3999938964844,354.8999938964844,341.5,348.8999938964844,6917609
2020-06-21 18:30:00+00:00,350.0,353.8999938964844,346.70001220703125,349.6000061035156,2515837
2020-06-22 18:30:00+00:00,350.0,357.20001220703125,346.75,355.6499938964844,2715717
2020-06-23 18:30:00+00:00,355.3500061035156,360.0,349.6000061035156,351.8500061035156,2841354
2020-06-24 18:30:00+00:00,349.79998779296875,351.5,342.20001220703125,344.0,5056963
2020-06-25 18:30:00+00:00,348.0,349.0,339.6000061035156,343.20001220703125,3979419
2020-06-28 18:30:00+00:00,341.3500061035156,344.04998779296875,339.1000061035156,342.6499938964844,3263757
2020-06-29 18:30:00+00:00,344.0,349.79998779296875,342.3999938964844,343.8999938964844,2828818
2020-06-30 18:30:00+00:00,345.8999938964844,347.04998779296875,341.29998779296875,343.79998779296875,1202080
2020-07-01 18:30:00+00:00,346.0,349.6000061035156,344.8999938964844,346.79998779296875,1204040
2020-07-02 18:30:00+00:00,350.20001220703125,366.79998779296875,348.6499938964844,360.3999938964844,9300920
2020-07-05 18:30:00+00:00,365.1000061035156,366.0,356.1000061035156,359.45001220703125,3360559
2020-07-06 18:30:00+00:00,361.0,361.0,344.25,345.95001220703125,4348413
2020-07-07 18:30:00+00:00,349.0,349.6499938964844,339.29998779296875,340.6000061035156,3988463
2020-07-08 18:30:00+00:00,341.0,346.5,340.0,343.1499938964844,3635224
2020-07-09 18:30:00+00:00,341.0,342.70001220703125,332.25,334.95001220703125,3368457
2020-07-12 18:30:00+00:00,336.25,339.6499938964844,331.5,332.20001220703125,2187702
2020-07-13 18:30:00+00:00,332.70001220703125,333.5,319.70001220703125,320.3999938964844,3146768
2020-07-14 18:30:00+00:00,320.54998779296875,324.5,312.8999938964844,315.1499938964844,3905249
2020-07-15 18:30:00+00:00,317.0,317.45001220703125,309.6000061035156,311.20001220703125,3122788
2020-07-16 18:30:00+00:00,312.0,318.8999938964844,310.6000061035156,313.0,3264266
2020-07-19 18:30:00+00:00,316.0,318.70001220703125,310.3500061035156,317.29998779296875,4328735
2020-07-20 18:30:00+00:00,320.8999938964844,325.3500061035156,313.6000061035156,314.70001220703125,4264584
2020-07-21 18:30:00+00:00,316.20001220703125,318.6499938964844,309.1000061035156,312.0,3068805
2020-07-22 18:30:00+00:00,313.3999938964844,315.95001220703125,311.6000061035156,313.8999938964844,2831414
2020-07-23 18:30:00+00:00,313.8999938964844,313.95001220703125,305.3500061035156,309.3999938964844,2457668
2020-07-26 18:30:00+00:00,309.0,310.70001220703125,298.0,309.04998779296875,5465737
2020-07-27 18:30:00+00:00,309.8999938964844,320.0,308.04998779296875,318.6000061035156,4973488
2020-07-28 18:30:00+00:00,317.04998779296875,323.0,312.04998779296875,315.1499938964844,4000041
2020-07-29 18:30:00+00:00,317.8500061035156,321.75,310.1000061035156,312.5,2498353
2020-07-30 18:30:00+00:00,315.0,318.1499938964844,312.75,315.20001220703125,1944926
2020-08-02 18:30:00+00:00,311.0,319.54998779296875,308.6499938964844,311.3500061035156,2408531
2020-08-03 18:30:00+00:00,313.0,317.75,311.3500061035156,314.95001220703125,3182644
2020-08-04 18:30:00+00:00,316.3999938964844,328.79998779296875,313.3999938964844,327.1000061035156,8387003
2020-08-05 18:30:00+00:00,330.1000061035156,330.8999938964844,321.3999938964844,323.79998779296875,3281920
2020-08-06 18:30:00+00:00,323.8999938964844,328.3500061035156,321.54998779296875,326.6499938964844,2634656
2020-08-09 18:30:00+00:00,329.0,333.95001220703125,325.70001220703125,331.29998779296875,3187734
2020-08-10 18:30:00+00:00,333.5,336.75,330.70001220703125,335.0,3504782
2020-08-11 18:30:00+00:00,336.0,347.75,331.75,341.20001220703125,10674205
2020-08-12 18:30:00+00:00,343.54998779296875,348.95001220703125,341.75,347.6499938964844,2707033
2020-08-13 18:30:00+00:00,353.75,353.75,343.6499938964844,348.1000061035156,3376980
2020-08-16 18:30:00+00:00,350.8500061035156,358.0,346.79998779296875,357.45001220703125,4507708
2020-08-17 18:30:00+00:00,356.8999938964844,359.5,354.5,357.45001220703125,2151389
2020-08-18 18:30:00+00:00,360.0,366.20001220703125,355.5,356.6499938964844,3269069
2020-08-19 18:30:00+00:00,354.95001220703125,357.1000061035156,347.95001220703125,353.6000061035156,3533915
2020-08-20 18:30:00+00:00,357.8999938964844,359.3500061035156,353.0,354.3500061035156,1341709
2020-08-23 18:30:00+00:00,358.3999938964844,363.29998779296875,347.6000061035156,349.0,3488987
2020-08-24 18:30:00+00:00,351.8999938964844,352.0,341.0,346.1000061035156,3532971
2020-08-25 18:30:00+00:00,346.3500061035156,366.8999938964844,346.3500061035156,354.25,11568355
2020-08-26 18:30:00+00:00,356.0,357.45001220703125,349.54998779296875,350.54998779296875,2996658
2020-08-27 18:30:00+00:00,355.0,363.0,348.5,360.04998779296875,5406394
2020-08-30 18:30:00+00:00,365.0,378.3500061035156,352.0,355.75,19379155
2020-08-31 18:30:00+00:00,357.0,365.3500061035156,341.3999938964844,348.79998779296875,6726316
2020-09-01 18:30:00+00:00,352.95001220703125,363.5,344.1000061035156,359.8999938964844,5694675
2020-09-02 18:30:00+00:00,363.5,368.0,359.54998779296875,366.0,4285869
2020-09-03 18:30:00+00:00,363.3999938964844,363.3999938964844,351.1000061035156,353.0,7628188
2020-09-06 18:30:00+00:00,355.0,357.95001220703125,347.20001220703125,352.04998779296875,3344349
2020-09-07 18:30:00+00:00,352.70001220703125,355.95001220703125,343.54998779296875,345.6000061035156,2339457
2020-09-08 18:30:00+00:00,344.3999938964844,346.29998779296875,335.3500061035156,343.8500061035156,3413201
2020-09-09 18:30:00+00:00,346.0,348.95001220703125,336.6000061035156,341.6000061035156,3892385
2020-09-10 18:30:00+00:00,341.0,343.8999938964844,333.45001220703125,342.5,4656343
2020-09-13 18:30:00+00:00,345.0,353.6000061035156,343.45001220703125,351.6499938964844,4221864
2020-09-14 18:30:00+00:00,355.1000061035156,356.79998779296875,351.0,352.6499938964844,2042309
2020-09-15 18:30:00+00:00,352.25,356.1000061035156,348.95001220703125,353.54998779296875,1998091
2020-09-16 18:30:00+00:00,352.0,355.5,345.0,346.1000061035156,2433176
2020-09-17 18:30:00+00:00,348.70001220703125,359.79998779296875,347.1000061035156,357.8500061035156,4963124
2020-09-20 18:30:00+00:00,358.0,359.0,343.95001220703125,347.8500061035156,3086172
2020-09-21 18:30:00+00:00,347.8500061035156,348.3500061035156,327.1499938964844,332.29998779296875,4670128
2020-09-22 18:30:00+00:00,332.54998779296875,335.3500061035156,320.1499938964844,324.6000061035156,4281260
2020-09-23 18:30:00+00:00,321.54998779296875,322.95001220703125,312.1000061035156,313.75,6847625
2020-09-24 18:30:00+00:00,319.0,329.70001220703125,315.6000061035156,326.1499938964844,6282538
2020-09-27 18:30:00+00:00,327.79998779296875,343.20001220703125,327.79998779296875,339.54998779296875,4249775
2020-09-28 18:30:00+00:00,343.3999938964844,346.3999938964844,336.8999938964844,341.0,3490634
2020-09-29 18:30:00+00:00,340.54998779296875,346.54998779296875,330.0,341.75,2757175
2020-09-30 18:30:00+00:00,345.5,354.8999938964844,344.5,353.29998779296875,3004005
2020-10-04 18:30:00+00:00,355.8999938964844,358.0,348.45001220703125,350.3500061035156,11896461
2020-10-05 18:30:00+00:00,356.0,364.5,354.8500061035156,362.8999938964844,7483578
2020-10-06 18:30:00+00:00,362.54998779296875,368.75,359.0,360.6499938964844,4024700
2020-10-07 18:30:00+00:00,359.79998779296875,362.79998779296875,356.3500061035156,359.75,3036028
2020-10-08 18:30:00+00:00,361.0,362.45001220703125,355.1499938964844,357.20001220703125,1988867
2020-10-11 18:30:00+00:00,359.1000061035156,362.8500061035156,355.04998779296875,357.6499938964844,3626399
2020-10-12 18:30:00+00:00,357.6499938964844,358.6499938964844,348.3999938964844,349.8999938964844,2413110
2020-10-13 18:30:00+00:00,349.1000061035156,351.20001220703125,344.70001220703125,348.95001220703125,2363379
2020-10-14 18:30:00+00:00,350.6000061035156,353.8500061035156,341.25,342.79998779296875,2855273
2020-10-15 18:30:00+00:00,344.3500061035156,354.75,341.95001220703125,349.95001220703125,2634960
2020-10-18 18:30:00+00:00,352.6000061035156,352.6000061035156,344.79998779296875,347.54998779296875,2181974
2020-10-19 18:30:00+00:00,346.70001220703125,352.29998779296875,345.6499938964844,348.95001220703125,1999765
2020-10-20 18:30:00+00:00,350.25,360.1499938964844,349.54998779296875,355.3500061035156,4398526
2020-10-21 18:30:00+00:00,350.54998779296875,364.04998779296875,350.1499938964844,358.3500061035156,4506437
2020-10-22 18:30:00+00:00,360.0,369.0,357.6499938964844,364.3500061035156,6357073
2020-10-25 18:30:00+00:00,366.0,373.8999938964844,360.3500061035156,363.70001220703125,7541562
2020-10-26 18:30:00+00:00,360.20001220703125,366.20001220703125,351.0,364.3999938964844,5869559
2020-10-27 18:30:00+00:00,363.0,370.0,352.0,353.6499938964844,3863941
2020-10-28 18:30:00+00:00,350.54998779296875,350.54998779296875,341.1499938964844,342.70001220703125,3346474
2020-10-29 18:30:00+00:00,345.20001220703125,362.70001220703125,343.20001220703125,359.8500061035156,12044256
2020-11-01 18:30:00+00:00,360.0,362.70001220703125,351.20001220703125,356.8999938964844,9364431
2020-11-02 18:30:00+00:00,362.0,362.6499938964844,347.20001220703125,353.6499938964844,7971473
2020-11-03 18:30:00+00:00,367.6499938964844,369.5,349.6000061035156,361.1000061035156,17940352
2020-11-04 18:30:00+00:00,366.04998779296875,374.6499938964844,364.29998779296875,368.6499938964844,16920686
2020-11-05 18:30:00+00:00,368.6499938964844,375.8999938964844,365.79998779296875,371.1000061035156,7290106
2020-11-08 18:30:00+00:00,375.0,376.0,366.0,367.04998779296875,7038841
2020-11-09 18:30:00+00:00,370.70001220703125,374.5,364.1499938964844,366.75,6850175
2020-11-10 18:30:00+00:00,366.75,372.45001220703125,365.25,371.6000061035156,4370366
2020-11-11 18:30:00+00:00,373.0,375.6000061035156,366.1000061035156,368.04998779296875,4759659
2020-11-12 18:30:00+00:00,367.5,370.3999938964844,362.70001220703125,365.5,4156320
2020-11-16 18:30:00+00:00,368.5,386.75,366.25,379.6499938964844,11192618
2020-11-17 18:30:00+00:00,382.0,395.20001220703125,382.0,391.1000061035156,15514329
2020-11-18 18:30:00+00:00,390.0,392.70001220703125,379.6000061035156,381.8999938964844,6894431
2020-11-19 18:30:00+00:00,381.0,382.6499938964844,373.0,375.8500061035156,5562369
2020-11-22 18:30:00+00:00,375.8500061035156,379.3500061035156,370.29998779296875,375.1499938964844,4065424
2020-11-23 18:30:00+00:00,378.0,402.0,376.0,392.25,19485370
2020-11-24 18:30:00+00:00,396.29998779296875,404.70001220703125,384.3999938964844,398.95001220703125,18238080
2020-11-25 18:30:00+00:00,400.79998779296875,413.0,395.6499938964844,410.1499938964844,12856261
2020-11-26 18:30:00+00:00,411.0,416.0,408.20001220703125,411.54998779296875,10593353
2020-11-30 18:30:00+00:00,415.0,426.0,412.0,423.79998779296875,9170159
2020-12-01 18:30:00+00:00,424.8999938964844,442.0,420.3500061035156,438.20001220703125,13049398
2020-12-02 18:30:00+00:00,442.0,444.5,433.04998779296875,435.79998779296875,10810399
2020-12-03 18:30:00+00:00,439.70001220703125,458.29998779296875,439.0,453.70001220703125,10271034
2020-12-06 18:30:00+00:00,461.0,474.8999938964844,459.0,471.5,16140936
2020-12-07 18:30:00+00:00,472.70001220703125,474.70001220703125,457.54998779296875,463.3500061035156,9218366
2020-12-08 18:30:00+00:00,467.6499938964844,469.8999938964844,458.1499938964844,463.8999938964844,5811412
2020-12-09 18:30:00+00:00,463.8999938964844,474.1000061035156,457.0,471.0,4785102
2020-12-10 18:30:00+00:00,471.75,475.0,462.70001220703125,466.29998779296875,4922448
2020-12-13 18:30:00+00:00,468.6000061035156,472.45001220703125,463.1000061035156,467.0,5943652
2020-12-14 18:30:00+00:00,469.5,479.6499938964844,461.45001220703125,475.75,10973876
2020-12-15 18:30:00+00:00,480.0,480.45001220703125,473.1499938964844,475.54998779296875,5452263
2020-12-16 18:30:00+00:00,478.0,478.79998779296875,465.54998779296875,467.75,6757703
2020-12-17 18:30:00+00:00,467.75,472.95001220703125,458.5,463.29998779296875,5980780
2020-12-20 18:30:00+00:00,459.0,467.0,427.20001220703125,444.25,8223842
2020-12-21 18:30:00+00:00,444.25,470.5,435.0,468.6499938964844,9462053
2020-12-22 18:30:00+00:00,467.1499938964844,476.70001220703125,462.5,470.75,7943560
2020-12-23 18:30:00+00:00,474.8999938964844,482.8999938964844,466.0,478.54998779296875,7679078
2020-12-27 18:30:00+00:00,480.0,492.95001220703125,480.0,483.54998779296875,8372924
2020-12-28 18:30:00+00:00,485.0,489.8500061035156,478.20001220703125,483.3999938964844,5866837
2020-12-29 18:30:00+00:00,484.0,487.6000061035156,478.1499938964844,485.3999938964844,3736356
2020-12-30 18:30:00+00:00,485.3999938964844,490.79998779296875,480.25,483.75,4386328
